IDi,ID,Mother,Mum_temp,Dad_temp,OS_temp,Sex,Hatch,OS_age,Weight,Notes,Number.of.missing.in.this.family,Box,Position,Day_Extract,Day_Lytic,Lytic_Plate_ID,Lytic_Position_ID,Zone_Area_1,Zone_Area_2,Zone_Area_3,Zone_Clarity,Lytic_Interplate,Day_PO,PO_Plate_ID,PO_Well_ID,PO_Activity,PO_interplate
4058i,4058,360,C,C,C,M,2020-02-15T00:00:00Z,3,3.786,NA,1,14,A4,32,34,79,3,10.762,10.072,11.264,clear,20.32988889,35,14,D2,0.01,0.003578
2696i,2696,298,H,C,H,F,2020-01-27T00:00:00Z,3,5.381,NA,1,2,H1,32,34,82,12,10.753,10.753,11.507,clear,20.78366667,35,14,G6,0.00896,0.003578
853i,853,30,H,C,C,F,2020-01-01T00:00:00Z,7,4.914,NA,1,19,E8,33,34,83,12,10.507,11.243,10.983,clear,20.79366667,35,14,B3,0.008347,0.003578
3090i,3090,348,C,C,H,F,2020-01-31T00:00:00Z,1,5.489,NA,1,1,E9,32,34,81,2,12.273,11.516,11.516,clear,20.682,35,14,E8,0.1,0.003578
4023i,4023,358,C,C,C,F,2020-02-14T00:00:00Z,1,6.004,NA,0,13,C7,27,29,70,14,11.913,11.733,11.822,clear,22.24755556,30,12,B7,0.009587,0.002409
91i,91,16,H,H,H,M,2019-12-22T00:00:00Z,5,3.152,NA,1,17,E9,32,34,79,2,12.578,11.855,11.729,clear_after_clahe,20.32988889,35,14,G8,0.003073,0.003578
1051i,1051,65,H,H,C,F,2020-01-02T00:00:00Z,7,5.457,NA,2,18,E4,33,34,83,6,11.243,11.983,11.983,clear_after_clahe,20.79366667,35,14,F9,0.005713,0.003578
1895i,1895,123,C,C,C,M,2020-01-11T00:00:00Z,3,4.116,NA,0,21,C8,33,34,84,4,12.727,12.162,11.92,clear,20.79366667,35,14,D6,0.007453,0.003578
2979i,2979,342,C,C,H,F,2020-01-30T00:00:00Z,7,5.271,NA,0,10,G2,33,34,82,3,13.025,12.264,13.394,clear,20.78366667,35,14,B5,0.02,0.003578
2167i,2167,187,C,C,C,M,2020-01-18T00:00:00Z,3,3.934,NA,0,15,G9,32,34,81,3,11.893,12.273,12.273,clear,20.682,35,14,C8,0.002727,0.003578
2798i,2798,318,C,H,H,M,2020-01-28T00:00:00Z,3,2.819,NA,1,2,A8,27,29,66,14,13.737,12.317,13.509,clear,22.38366667,30,11,D10,0.00112,0.003033333
3775i,3775,314,C,H,C,M,2020-02-07T00:00:00Z,5,3.02,NA,1,14,H2,22,24,54,1,11.136,12.319,12.319,clear,23.02177778,25,9,G2,0.0016,0.002126667
1663i,1663,208,C,C,H,M,2020-01-08T00:00:00Z,1,3.139,NA,1,20,B7,31,34,77,6,12.887,12.538,12.352,clear,17.18766667,35,13,D12,0.001047,0.001602333
2438i,2438,250,H,H,H,F,2020-01-22T00:00:00Z,5,5.021,NA,2,5,F9,33,34,83,15,12.727,12.678,12.307,clear,20.79366667,35,14,A9,0.008313,0.003578
3157i,3157,233,H,H,C,F,2020-01-31T00:00:00Z,7,5.068,NA,1,11,F8,26,29,62,15,13.041,12.732,13.548,clear,21.32666667,30,11,D7,0.01,0.003033333
2378i,2378,230,H,H,H,F,2020-01-21T00:00:00Z,5,4.76,NA,2,5,B9,33,34,84,2,11.779,12.749,12.678,clear_after_clahe,20.79366667,35,14,E5,0.004767,0.003578
2712i,2712,322,C,C,H,M,2020-01-27T00:00:00Z,5,2.496,NA,1,1,G9,32,34,80,15,13.355,12.953,12.871,clear,18.80166667,35,14,C7,0.001153,0.003578
217i,217,33,C,H,H,M,2019-12-27T00:00:00Z,5,2.561,NA,1,16,D7,31,34,77,3,12.944,12.993,12.993,clear_after_clahe,17.18766667,35,13,H12,0.000933333,0.001602333
3966i,3966,347,C,C,C,M,2020-02-12T00:00:00Z,1,3.954,NA,1,14,B3,16,19,37,8,13.166,13.002,12.857,clear_after_clahe,22.125,20,7,C4,0.000853333,0.002569889
3280i,3280,354,C,C,H,F,2020-02-02T00:00:00Z,1,4.43,NA,2,4,E1,37,39,89,2,13.376,13.036,13.602,clear_after_clahe,22.67577778,40,15,E6,0.003447,0.00307
2534i,2534,272,H,C,H,M,2020-01-25T00:00:00Z,1,3.512,NA,2,5,D6,33,34,83,1,12.727,13.087,13.872,clear_after_clahe,20.79366667,35,14,E3,0.00204,0.003578
3971i,3971,354,C,C,C,F,2020-02-12T00:00:00Z,1,5.81,NA,2,14,B4,17,19,43,8,12.742,13.156,13.065,clear,21.49611111,20,8,C11,0.007573,0.002566333
1742i,1742,209,C,C,H,M,2020-01-09T00:00:00Z,7,2.818,NA,2,18,H3,36,39,86,12,13.371,13.195,13.371,clear_after_clahe,22.67322222,40,15,F1,0.001047,0.00307
2333i,2333,195,C,H,C,M,2020-01-21T00:00:00Z,7,3.086,NA,2,5,E7,11,14,25,2,12.711,13.395,13.055,clear_after_clahe,22.87555556,15,5,C6,0.000746667,0.001357667
3877i,3877,331,C,H,C,F,2020-02-10T00:00:00Z,7,5.105,NA,1,13,F3,21,24,50,19,14.685,13.412,14.882,clear_after_clahe,23.04711111,25,9,G6,0.001747,0.002126667
1968i,1968,128,C,C,C,F,2020-01-13T00:00:00Z,5,4.692,NA,2,20,G8,1,4,2,1,13.353,13.488,13.567,clear_after_clahe,20.84455556,5,1,F3,0.000273333,0.000988889
854i,854,35,H,C,C,F,2020-01-01T00:00:00Z,1,5.184,NA,3,17,E2,1,4,2,3,14.334,13.488,14.334,clear,20.84455556,5,1,D6,NA,0.000988889
2804i,2804,319,C,H,H,M,2020-01-28T00:00:00Z,7,2.073,NA,0,3,D9,21,24,53,6,13.712,13.503,13.712,clear,21.75544444,25,9,E1,0.001447,0.002126667
61i,61,10,H,H,H,M,2019-12-21T00:00:00Z,5,2.117,NA,1,17,G4,21,24,51,2,12.596,13.521,14.728,clear,21.91977778,25,9,A7,0.001333,0.002126667
3948i,3948,352,C,C,C,F,2020-02-11T00:00:00Z,7,4.861,NA,2,13,I2,36,39,88,4,13.363,13.566,13.355,clear,21.30088889,40,15,E2,0.00104,0.00307
2658i,2658,269,H,C,H,F,2020-01-27T00:00:00Z,3,4.526,NA,2,2,G8,47,48,115,6,12.408,13.614,12.408,clear,21.26333333,49,20,A6,0.002463,0.000611111
2642i,2642,273,H,C,H,M,2020-01-27T00:00:00Z,1,3.686,NA,2,6,H1,13,14,35,2,13.373,13.661,13.338,clear_after_clahe,22.43944444,15,6,G9,0.001027,0.003100333
1687i,1687,196,C,H,H,M,2020-01-08T00:00:00Z,1,3.506,NA,0,20,C2,16,19,41,4,13.71,13.71,14.118,clear,21.463,20,7,F5,0.002753,0.002569889
3264i,3264,238,H,C,C,M,2020-02-01T00:00:00Z,3,4.175,NA,2,4,A7,31,34,73,2,12.234,13.794,13.381,clear,19.00366667,35,13,F11,0.006173,0.001602333
4021i,4021,356,C,C,C,M,2020-02-14T00:00:00Z,7,3.499,NA,2,15,B6,12,14,31,5,14.016,13.846,14.146,clear,22.05633333,15,6,D6,0.000966667,0.003100333
3608i,3608,290,H,C,C,M,2020-02-05T00:00:00Z,3,4.407,NA,1,12,I4,12,14,31,12,14.039,13.855,13.239,clear_after_clahe,22.05633333,15,6,H1,0.00136,0.003100333
2330i,2330,192,C,C,C,M,2020-01-21T00:00:00Z,7,2.725,NA,1,6,E6,37,39,93,5,13.847,14.037,14.156,clear,21.29533333,40,16,C3,0.001147,0.001589667
2581i,2581,276,H,C,H,M,2020-01-26T00:00:00Z,7,2.177,NA,1,1,A4,6,9,13,1,15.158,14.147,14.805,clear_after_clahe,19.515,10,3,C10,0.001073,0.004886333
2260i,2260,196,C,H,C,M,2020-01-20T00:00:00Z,7,3.536,NA,0,5,H6,21,24,52,5,13.485,14.157,14.347,clear,21.713,25,9,D12,0.00068,0.002126667
323i,323,54,H,H,H,M,2019-12-28T00:00:00Z,3,3.885,NA,1,17,H2,32,34,81,11,13.027,14.238,14.619,clear,20.682,35,14,H2,0.0035,0.003578
2772i,2772,310,C,H,H,M,2020-01-28T00:00:00Z,5,3.118,NA,2,1,B2,37,39,91,11,14.548,14.34,14.091,clear_after_clahe,21.53,40,16,H2,0.00156,0.001589667
2377i,2377,228,H,H,H,M,2020-01-21T00:00:00Z,7,2.66,NA,0,6,I5,32,34,82,2,13.828,14.361,15.282,clear,20.78366667,35,14,H4,0.001707,0.003578
3291i,3291,357,C,C,H,M,2020-02-02T00:00:00Z,7,2.359,NA,1,10,B3,37,39,93,16,14.037,14.457,14.659,clear,21.29533333,40,16,H12,0.001413,0.001589667
2293i,2293,222,H,H,H,M,2020-01-20T00:00:00Z,1,3.66,NA,2,16,A2,27,29,67,2,15.4,14.555,14.943,clear,21.08022222,30,12,E8,0.002027,0.002409
3501i,3501,290,H,C,C,M,2020-02-04T00:00:00Z,7,3.538,NA,1,9,G1,21,24,49,2,13.741,14.596,14.186,clear,23.32666667,25,9,C1,0.000926667,0.002126667
2285i,2285,223,H,H,H,M,2020-01-20T00:00:00Z,1,3.708,NA,0,16,A8,32,34,79,4,15.51,14.642,15.693,clear_after_clahe,20.32988889,35,14,C10,0.00308,0.003578
3607i,3607,290,H,C,C,F,2020-02-05T00:00:00Z,5,4.78,NA,1,12,C8,1,4,2,4,15.081,14.646,15.081,clear_after_clahe,20.84455556,5,1,A5,0.001213,0.000988889
104i,104,16,H,H,H,F,2019-12-23T00:00:00Z,3,5.227,NA,1,17,F6,12,14,30,4,15.087,14.701,15.535,clear_after_clahe,23.90444444,15,5,E7,0.01,0.001357667
4011i,4011,365,C,C,C,M,2020-02-13T00:00:00Z,7,3.556,NA,0,15,C4,16,19,37,17,14.603,14.826,13.478,clear_after_clahe,22.125,20,7,A5,0.003813,0.002569889
3018i,3018,230,H,H,C,M,2020-01-30T00:00:00Z,3,3.153,NA,2,1,D8,28,29,72,5,13.651,14.85,14.548,clear_after_clahe,23.03055556,30,12,F5,0.000566667,0.002409
242i,242,3,H,H,C,F,2019-12-27T00:00:00Z,3,6.601,NA,1,18,I1,31,34,73,4,14.595,14.884,14.884,clear,19.00366667,35,13,H9,0.01,0.001602333
3045i,3045,234,H,H,C,M,2020-01-30T00:00:00Z,1,3.368,NA,1,2,D10,13,14,36,2,14.267,14.918,14.918,clear,20.24522222,15,6,F5,0.001447,0.003100333
1740i,1740,209,C,C,H,M,2020-01-09T00:00:00Z,3,3.464,NA,2,7,C3,32,34,81,1,14.015,14.931,15.316,clear,20.682,35,14,H9,0.002807,0.003578
3627i,3627,317,C,H,C,M,2020-02-05T00:00:00Z,1,3.557,NA,1,3,B1,1,4,5,2,15.288,14.936,15.408,clear,21.13577778,5,1,B3,0.003627,0.000988889
92i,92,16,H,H,H,M,2019-12-22T00:00:00Z,7,3.107,NA,1,18,D1,1,4,2,10,14.731,14.952,14.606,clear_after_clahe,20.84455556,5,1,H4,0.00134,0.000988889
2535i,2535,272,H,C,H,M,2020-01-25T00:00:00Z,3,3.212,NA,2,6,H4,16,19,37,19,15.451,14.994,15.884,clear_after_clahe,22.125,20,7,G9,0.000926667,0.002569889
1541i,1541,92,H,C,C,M,2020-01-07T00:00:00Z,5,3.169,NA,1,7,B7,22,24,57,11,14.924,15.04,14.656,clear,23.50977778,25,10,B1,0.002113,0.001974667
2944i,2944,215,H,H,C,M,2020-01-29T00:00:00Z,7,3.798,NA,2,5,A7,37,39,93,14,14.651,15.085,15.074,clear,21.29533333,40,16,D5,0.00072,0.001589667
2650i,2650,297,H,C,H,M,2020-01-27T00:00:00Z,7,2.586,NA,1,3,D3,37,39,93,8,14.864,15.104,15.085,clear,21.29533333,40,16,E2,0.000873333,0.001589667
1819i,1819,109,C,H,C,M,2020-01-10T00:00:00Z,7,3.636,NA,2,21,E9,31,34,73,5,14.667,15.109,15.651,clear,19.00366667,35,13,B8,0.000733333,0.001602333
1604i,1604,193,C,C,H,M,2020-01-07T00:00:00Z,5,3.073,NA,0,7,B10,31,34,75,10,15.543,15.119,15.119,clear,18.875,35,13,G9,0.002413,0.001602333
197i,197,34,H,C,H,F,2019-12-27T00:00:00Z,7,3.924,NA,3,16,G3,33,34,83,8,15.322,15.144,15.575,clear,20.79366667,35,14,A4,0.0024,0.003578
3725i,3725,314,C,H,C,M,2020-02-06T00:00:00Z,7,3.646,NA,1,14,D2,33,34,84,1,15.891,15.144,15.5,clear,20.79366667,35,14,E2,0.004913,0.003578
3080i,3080,331,C,H,H,M,2020-01-31T00:00:00Z,3,2.688,NA,1,4,H10,6,9,16,2,19.947,15.162,18.274,clear_after_clahe,19.43422222,10,3,H10,0.001113,0.004886333
1752i,1752,208,C,C,H,F,2020-01-09T00:00:00Z,1,5.685,NA,1,13,E6,46,48,110,10,14.983,15.18,14.764,clear,21.59911111,49,19,E10,NA,0.001645444
3379i,3379,250,H,H,C,M,2020-02-03T00:00:00Z,5,2.624,NA,2,12,H8,16,19,38,6,15.611,15.204,17.209,clear_after_clahe,22.34855556,20,7,B4,0.001327,0.002569889
39i,39,5,H,H,H,M,2019-12-19T00:00:00Z,7,2.54,NA,2,17,F3,31,34,74,1,15.06,15.263,17.74,clear,19.76166667,35,13,A1,0.001213,0.001602333
2589i,2589,269,H,C,H,M,2020-01-26T00:00:00Z,5,2.671,NA,2,2,B8,21,24,50,3,15.588,15.264,15.966,clear,23.04711111,25,9,A6,0.001693,0.002126667
3987i,3987,347,C,C,C,M,2020-02-13T00:00:00Z,3,4.171,NA,1,14,B8,12,14,34,12,14.536,15.284,15.08,clear_after_clahe,20.47455556,15,6,C7,0.003087,0.003100333
1092i,1092,106,H,C,H,M,2020-01-02T00:00:00Z,7,3.043,NA,2,18,G1,1,4,4,10,15.301,15.297,15.262,clear_after_clahe,20.56577778,5,1,C10,0.00232,0.000988889
1685i,1685,196,C,H,H,F,2020-01-08T00:00:00Z,5,4.691,NA,0,21,D4,41,44,98,3,14.852,15.324,14.852,clear,26.23411111,45,17,E5,0.001113,0.003039778
2987i,2987,289,H,C,H,F,2020-01-30T00:00:00Z,7,4.967,NA,1,10,G3,37,39,91,2,15.392,15.392,15.392,clear,21.53,40,16,G9,0.003493,0.001589667
2409i,2409,233,H,H,H,F,2020-01-22T00:00:00Z,1,5.058,NA,1,7,I5,6,9,14,3,17.651,15.399,15.162,clear,20.51455556,10,3,H11,0.000673333,0.004886333
2584i,2584,273,H,C,H,M,2020-01-26T00:00:00Z,3,2.987,NA,2,6,B2,37,39,92,2,14.889,15.402,14.791,clear_after_clahe,21.82922222,40,16,G7,0.000686667,0.001589667
3438i,3438,360,C,C,H,M,2020-02-04T00:00:00Z,3,3.205,NA,1,11,E6,16,19,40,19,16.528,15.402,14.978,clear,19.17588889,20,7,F3,0.001247,0.002569889
2286i,2286,223,H,H,H,M,2020-01-20T00:00:00Z,3,2.807,NA,0,8,A2,46,48,110,3,15.203,15.408,15.788,clear,21.59911111,49,19,B7,0.001133,0.001645444
602i,602,33,C,H,C,M,2019-12-31T00:00:00Z,7,2.745,NA,1,9,A6,23,24,59,16,14.596,15.443,16.786,clear,20.87455556,25,10,H6,0.001027,0.001974667
1573i,1573,181,H,C,H,M,2020-01-07T00:00:00Z,1,4.414,NA,2,19,E6,31,34,73,3,14.964,15.461,15.028,clear_after_clahe,19.00366667,35,13,A7,0.004827,0.001602333
1071i,1071,109,C,H,H,M,2020-01-02T00:00:00Z,5,3.315,NA,2,9,C7,31,34,77,1,15.461,15.461,14.595,clear,17.18766667,35,13,F7,0.000893333,0.001602333
2802i,2802,319,C,H,H,F,2020-01-28T00:00:00Z,7,4.884,NA,0,3,D8,27,29,66,19,13.264,15.498,15.175,clear,22.38366667,30,11,D8,0.00256,0.003033333
2585i,2585,273,H,C,H,M,2020-01-26T00:00:00Z,5,3.169,NA,2,2,C6,32,34,79,12,14.462,15.51,14.642,clear,20.32988889,35,14,C12,0.002273,0.003578
3371i,3371,360,C,C,H,M,2020-02-03T00:00:00Z,1,3.837,NA,1,4,A4,13,14,36,1,15.784,15.512,16.25,clear,20.24522222,15,6,D3,0.0024,0.003100333
324i,324,54,H,H,H,M,2019-12-28T00:00:00Z,5,3.045,NA,1,17,B8,37,39,93,12,14.651,15.52,14.651,clear_after_clahe,21.29533333,40,16,F12,0.001233,0.001589667
3616i,3616,306,H,C,C,M,2020-02-05T00:00:00Z,7,3.076,NA,2,14,I4,31,34,75,1,15.074,15.572,15.141,clear,18.875,35,13,G6,0.000853333,0.001602333
2692i,2692,298,H,C,H,M,2020-01-27T00:00:00Z,3,3.473,NA,1,2,H2,6,9,13,17,14.358,15.592,16.815,clear,19.515,10,3,C3,0.001013,0.004886333
3238i,3238,221,H,H,C,F,2020-02-01T00:00:00Z,1,5.689,NA,2,1,C10,31,34,76,5,14.642,15.592,15.731,clear,20.86737778,35,13,E5,0.007953,0.001602333
1068i,1068,109,C,H,H,F,2020-01-02T00:00:00Z,5,4.808,NA,2,9,E4,32,34,81,4,15.839,15.636,15.922,clear,20.682,35,14,C1,0.003367,0.003578
3105i,3105,352,C,C,H,M,2020-01-31T00:00:00Z,7,2.504,NA,2,11,G4,1,4,2,8,15.785,15.785,15.785,clear,20.84455556,5,1,H5,0.00122,0.000988889
1605i,1605,193,C,C,H,M,2020-01-07T00:00:00Z,7,2.209,NA,0,7,C8,27,29,69,5,16.397,15.789,16.245,clear_after_clahe,21.78322222,30,12,E6,0.002607,0.002409
3590i,3590,276,H,C,C,M,2020-02-05T00:00:00Z,5,3.448,NA,1,12,E9,32,34,81,10,15.876,15.796,15.952,clear,20.682,35,14,D5,0.004947,0.003578
148i,148,4,H,H,C,M,2019-12-25T00:00:00Z,1,3.571,NA,1,17,F2,36,39,85,3,16.088,15.9,15.9,clear_after_clahe,21.97466667,40,15,H4,0.00102,0.00307
3679i,3679,295,H,C,C,F,2020-02-06T00:00:00Z,5,5.187,NA,1,9,H6,6,9,16,11,16.322,15.9,17.032,clear,19.43422222,10,3,F12,0.001927,0.004886333
151i,151,35,H,C,H,M,2019-12-26T00:00:00Z,1,3.709,NA,3,17,F8,21,24,49,10,16.353,15.9,15.877,clear,23.32666667,25,9,C4,0.00164,0.002126667
1744i,1744,196,C,H,H,M,2020-01-09T00:00:00Z,7,3.093,NA,0,18,G9,46,48,112,12,15.462,15.908,15.102,clear_after_clahe,19.50088889,49,19,A3,0.00164,0.001645444
149i,149,4,H,H,C,M,2019-12-25T00:00:00Z,3,2.804,NA,1,16,C8,38,39,95,11,16.361,15.908,16.329,clear,21.52322222,40,16,C8,0.000813333,0.001589667
3745i,3745,271,H,C,C,F,2020-02-07T00:00:00Z,7,5.146,NA,2,12,A9,12,14,32,11,15.594,15.922,15.922,clear_after_clahe,20.423,15,6,H11,0.01,0.003100333
3055i,3055,250,H,H,C,M,2020-01-30T00:00:00Z,1,3.497,NA,2,2,C9,16,19,39,17,16.17,15.929,16.039,clear,18.962,20,7,D8,0.003247,0.002569889
358i,358,2,H,H,C,F,2019-12-28T00:00:00Z,7,4.151,NA,0,19,D4,28,29,71,1,15.75,15.93,15.75,clear,21.18411111,30,12,G7,0.000406667,0.002409
2746i,2746,294,H,C,H,F,2020-01-27T00:00:00Z,5,4.571,NA,0,1,G1,32,34,81,19,16.683,15.952,16.375,clear,20.682,35,14,G11,0.002093,0.003578
3411i,3411,275,H,C,C,M,2020-02-03T00:00:00Z,1,3.884,NA,0,3,G8,37,39,93,11,16.047,15.962,16.385,clear,21.29533333,40,16,F3,0.001427,0.001589667
3228i,3228,351,C,C,H,F,2020-02-01T00:00:00Z,7,5.41,NA,1,12,G2,33,34,83,3,15.988,15.988,15.988,clear,20.79366667,35,14,E6,0.007373,0.003578
2776i,2776,311,C,H,H,M,2020-01-28T00:00:00Z,3,2.743,NA,2,2,B7,33,34,84,17,16.445,15.988,15.984,clear,20.79366667,35,14,A7,0.00204,0.003578
1344i,1344,128,C,C,H,F,2020-01-04T00:00:00Z,3,5.733,NA,2,9,D3,6,9,13,11,17.678,16.011,17.633,clear_after_clahe,19.515,10,3,G7,0.008513,0.004886333
1508i,1508,192,C,C,H,M,2020-01-06T00:00:00Z,5,2.798,NA,1,19,I6,36,39,87,8,15.4,16.029,16.313,clear,23.29844444,40,15,H8,0.00114,0.00307
2469i,2469,231,H,H,H,F,2020-01-23T00:00:00Z,3,5.59,NA,1,5,D3,31,34,76,11,15.796,16.051,16.276,clear,20.86737778,35,13,E3,0.002573,0.001602333
3477i,3477,272,H,C,C,M,2020-02-04T00:00:00Z,1,4.418,NA,2,3,H6,32,34,78,19,16.865,16.104,15.966,clear,20.25488889,35,13,B7,0.001307,0.001602333
3783i,3783,319,C,H,C,M,2020-02-07T00:00:00Z,5,2.823,NA,0,14,G8,2,4,9,1,16.485,16.117,16.094,clear_after_clahe,22.61666667,5,2,C7,0.002673,0.002135667
3946i,3946,352,C,C,C,F,2020-02-11T00:00:00Z,3,5.66,NA,2,11,I1,31,34,76,12,15.876,16.139,16.333,clear,20.86737778,35,13,B9,0.008173,0.001602333
4080i,4080,358,C,C,C,M,2020-02-18T00:00:00Z,3,4.104,NA,0,15,D2,16,19,39,5,17.247,16.199,16.577,clear,18.962,20,7,A9,0.001287,0.002569889
4136i,4136,383,C,C,H,M,2020-02-19T00:00:00Z,7,2.934,NA,1,15,G3,28,29,71,5,15.954,16.202,16.657,clear,21.18411111,30,12,A8,0.00126,0.002409
1880i,1880,129,C,C,C,F,2020-01-11T00:00:00Z,7,5.76,NA,1,20,G6,28,29,70,4,16.167,16.208,16.689,clear,22.24755556,30,12,A2,0.00368,0.002409
2981i,2981,342,C,C,H,M,2020-01-30T00:00:00Z,7,2.486,NA,0,10,G1,38,39,96,3,16.193,16.233,16.393,clear_after_clahe,22.07211111,40,16,A6,0.002973,0.001589667
2594i,2594,268,C,H,H,M,2020-01-26T00:00:00Z,1,3.705,NA,1,5,E10,47,48,114,10,17.181,16.246,17.181,clear_after_clahe,21.34844444,49,19,D7,0.00206,0.001645444
3240i,3240,221,H,H,C,M,2020-02-01T00:00:00Z,3,3.424,NA,2,4,F1,6,9,14,8,15.399,16.25,15.162,clear_after_clahe,20.51455556,10,3,E12,0.001153,0.004886333
3384i,3384,253,C,H,C,M,2020-02-03T00:00:00Z,3,3.595,NA,1,21,F3,21,24,50,1,16.726,16.257,16.245,clear,23.04711111,25,9,F3,0.000786667,0.002126667
2432i,2432,235,H,H,H,F,2020-01-22T00:00:00Z,5,4.429,NA,0,5,F6,22,24,56,1,16.266,16.292,16.592,clear,22.14844444,25,10,G5,0.002547,0.001974667
487i,487,34,H,C,C,M,2019-12-30T00:00:00Z,3,2.666,NA,3,18,B8,46,48,113,10,16.305,16.305,16.737,clear,21.324,49,19,D10,0.00178,0.001645444
332i,332,56,C,H,H,F,2019-12-28T00:00:00Z,1,3.402,NA,1,18,D3,28,29,72,1,16.765,16.305,16.497,clear,23.03055556,30,12,H4,0.001727,0.002409
2761i,2761,284,C,H,H,F,2020-01-28T00:00:00Z,1,5.202,NA,1,6,B3,1,4,3,5,16.565,16.311,15.524,clear,21.94944444,5,1,G10,0.000946667,0.000988889
2296i,2296,222,H,H,H,M,2020-01-20T00:00:00Z,7,1.828,NA,2,5,G9,37,39,94,10,16.313,16.313,16.313,clear,21.47172222,40,16,C7,0.001867,0.001589667
3659i,3659,271,H,C,C,M,2020-02-06T00:00:00Z,7,3.165,NA,2,14,F3,16,19,41,5,16.777,16.313,17.474,clear,21.463,20,7,G6,0.01,0.002569889
2379i,2379,230,H,H,H,F,2020-01-21T00:00:00Z,7,4.557,NA,2,6,I4,22,24,53,5,16.315,16.315,16.404,clear,21.75544444,25,9,E6,0.00122,0.002126667
2913i,2913,318,C,H,H,M,2020-01-29T00:00:00Z,5,2.799,NA,1,4,I7,37,39,92,19,16.315,16.315,16.315,clear,21.82922222,40,16,C12,0.001247,0.001589667
2386i,2386,227,H,H,H,M,2020-01-21T00:00:00Z,7,2.478,NA,1,6,I1,36,39,88,14,16.993,16.322,17.47,clear_after_clahe,21.30088889,40,15,B1,0.00228,0.00307
2694i,2694,298,H,C,H,M,2020-01-27T00:00:00Z,7,3.144,NA,1,3,D7,2,4,6,12,16.693,16.329,16.283,clear_after_clahe,21.55977778,5,1,G11,0.00174,0.000988889
2545i,2545,259,C,H,H,M,2020-01-25T00:00:00Z,3,3.702,NA,1,6,H5,2,4,6,1,16.939,16.329,16.751,clear,21.55977778,5,1,E3,0.00298,0.000988889
198i,198,34,H,C,H,M,2019-12-27T00:00:00Z,1,2.627,NA,3,16,B7,32,34,80,2,15.9,16.353,15.9,clear,18.80166667,35,14,G10,0.001347,0.003578
3723i,3723,314,C,H,C,M,2020-02-06T00:00:00Z,1,4.268,NA,1,12,I2,31,34,75,2,16.955,16.361,17.253,clear,18.875,35,13,H3,0.003033,0.001602333
2166i,2166,187,C,C,C,M,2020-01-18T00:00:00Z,1,4.085,NA,0,20,H4,32,34,82,4,16.362,16.362,16.362,clear,20.78366667,35,14,D1,0.003353,0.003578
3422i,3422,297,H,C,C,M,2020-02-03T00:00:00Z,1,4.036,NA,1,3,H2,22,24,58,8,16.424,16.369,15.969,clear_after_clahe,24.96022222,25,10,F7,0.001293,0.001974667
3163i,3163,235,H,H,C,M,2020-01-31T00:00:00Z,5,2.929,NA,0,4,F4,32,34,81,12,15.51,16.375,16.375,clear,20.682,35,14,F5,0.00136,0.003578
2704i,2704,315,C,H,H,M,2020-01-27T00:00:00Z,1,3.527,NA,2,6,E7,37,39,93,1,16.385,16.385,16.385,clear,21.29533333,40,16,D12,0.00444,0.001589667
2219i,2219,192,C,C,C,M,2020-01-19T00:00:00Z,5,3.754,NA,1,7,G10,32,34,78,11,16.738,16.386,16.846,clear,20.25488889,35,13,H8,0.000993333,0.001602333
2997i,2997,215,H,H,C,M,2020-01-30T00:00:00Z,5,3.6,NA,2,5,B4,33,34,83,11,16.887,16.408,16.887,clear,20.79366667,35,14,D11,0.00238,0.003578
438i,438,6,H,H,C,F,2019-12-29T00:00:00Z,3,5.899,NA,3,16,I1,31,34,75,17,16.286,16.428,16.219,clear,18.875,35,13,G3,0.004947,0.001602333
1193i,1193,128,C,C,H,M,2020-01-03T00:00:00Z,5,2.678,NA,2,16,E9,6,9,17,19,16.18,16.446,17.84,clear_after_clahe,23.17555556,10,3,G1,0.000993333,0.004886333
3346i,3346,358,C,C,H,M,2020-02-03T00:00:00Z,1,2.747,NA,0,12,E1,26,29,62,5,15.213,16.481,16.577,clear_after_clahe,21.32666667,30,11,G8,0.00116,0.003033333
2813i,2813,271,H,C,H,M,2020-01-28T00:00:00Z,5,2.976,NA,2,1,B9,13,14,35,5,16.751,16.513,16.096,clear,22.43944444,15,6,G12,0.000686667,0.003100333
2948i,2948,222,H,H,C,M,2020-01-29T00:00:00Z,1,3.645,NA,2,2,I7,37,39,92,12,17.225,16.513,17.437,clear_after_clahe,21.82922222,40,16,D6,0.003487,0.001589667
3554i,3554,360,C,C,H,F,2020-02-05T00:00:00Z,1,5.517,NA,1,11,A7,1,4,4,4,15.84,16.556,16.359,clear,20.56577778,5,1,C2,0.008167,0.000988889
2493i,2493,250,H,H,H,F,2020-01-23T00:00:00Z,3,5.299,NA,2,5,D7,16,19,41,15,16.998,16.559,16.745,clear,21.463,20,7,E11,0.00274,0.002569889
4010i,4010,365,C,C,C,M,2020-02-13T00:00:00Z,5,3.594,NA,0,14,A5,32,34,78,1,17.162,16.56,16.998,clear,20.25488889,35,13,F5,0.005807,0.001602333
2672i,2672,290,H,C,H,M,2020-01-27T00:00:00Z,1,3.658,NA,1,6,F2,36,39,87,19,16.745,16.613,16.697,clear,23.29844444,40,15,A7,0.00196,0.00307
3420i,3420,297,H,C,C,F,2020-02-03T00:00:00Z,5,5.532,NA,1,13,A8,6,9,16,4,16.505,16.615,16.223,clear,19.43422222,10,3,A7,0.00678,0.004886333
2995i,2995,213,H,H,C,M,2020-01-30T00:00:00Z,3,3.217,NA,2,1,C7,31,34,75,11,16.885,16.621,16.885,clear,18.875,35,13,A6,0.002833,0.001602333
1677i,1677,195,C,H,H,F,2020-01-08T00:00:00Z,1,5.11,NA,2,20,C3,21,24,53,12,17.593,16.628,16.315,clear_after_clahe,21.75544444,25,9,H3,0.000693333,0.002126667
1030i,1030,39,H,H,C,M,2020-01-02T00:00:00Z,7,3.108,NA,2,18,F1,18,19,48,4,17.01,16.636,17.103,clear,23.26977778,20,8,D8,0.000713333,0.002566333
1719i,1719,106,H,C,C,M,2020-01-09T00:00:00Z,5,3.448,NA,2,21,D3,26,29,62,12,16.089,16.691,16.481,clear,21.32666667,30,11,E11,0.001,0.003033333
1705i,1705,109,C,H,C,M,2020-01-09T00:00:00Z,1,4.429,NA,2,19,I5,36,39,86,2,16.797,16.695,16.797,clear,22.67322222,40,15,C3,0.00118,0.00307
4104i,4104,369,C,C,H,M,2020-02-19T00:00:00Z,1,2.908,NA,1,15,C7,16,19,41,1,17.923,16.697,17.627,clear,21.463,20,7,G8,0.002327,0.002569889
3586i,3586,275,H,C,C,F,2020-02-05T00:00:00Z,3,6.165,NA,0,12,G7,11,14,27,2,17.666,16.709,16.253,clear,20.41122222,15,5,C11,0.003747,0.001357667
2689i,2689,289,H,C,H,M,2020-01-27T00:00:00Z,5,3.096,NA,1,1,H9,26,29,64,1,17.661,16.734,17.56,clear,22.49188889,30,11,G4,0.001893,0.003033333
1858i,1858,119,C,H,C,M,2020-01-11T00:00:00Z,1,3.355,NA,2,20,A3,32,34,80,3,16.275,16.743,16.548,clear,18.80166667,35,14,F1,0.00326,0.003578
1113i,1113,65,H,H,H,M,2020-01-02T00:00:00Z,5,2.755,NA,2,9,C10,21,24,49,15,16.486,16.743,16.685,clear_after_clahe,23.32666667,25,9,A9,0.00534,0.002126667
2430i,2430,235,H,H,H,F,2020-01-22T00:00:00Z,1,4.87,NA,0,7,I10,37,39,92,1,16.031,16.748,16.668,clear,21.82922222,40,16,A4,0.004053,0.001589667
216i,216,33,C,H,H,M,2019-12-27T00:00:00Z,3,3.292,NA,1,18,H7,38,39,96,16,16.305,16.765,16.305,clear_after_clahe,22.07211111,40,16,H4,0.001173,0.001589667
3789i,3789,327,C,H,C,M,2020-02-07T00:00:00Z,7,2.571,NA,0,12,A6,16,19,41,16,16.313,16.777,17.178,clear,21.463,20,7,F4,0.000826667,0.002569889
2195i,2195,182,C,H,C,M,2020-01-18T00:00:00Z,3,3.611,NA,1,15,I4,6,9,16,3,16.451,16.782,17.815,clear,19.43422222,10,3,C11,0.001093,0.004886333
3343i,3343,358,C,C,H,F,2020-02-03T00:00:00Z,3,5.777,NA,0,11,A2,37,39,90,4,15.908,16.794,16.357,clear,22.22688889,40,15,F5,0.00098,0.00307
2252i,2252,195,C,H,C,F,2020-01-20T00:00:00Z,1,6.422,NA,2,15,I8,37,39,90,14,16.361,16.794,16.794,clear,22.22688889,40,15,C11,0.00162,0.00307
3306i,3306,250,H,H,C,M,2020-02-02T00:00:00Z,7,3.206,NA,2,10,B5,16,19,37,5,16.576,16.794,16.794,clear,22.125,20,7,C11,0.001333,0.002569889
3957i,3957,323,C,H,C,M,2020-02-12T00:00:00Z,3,4.086,NA,2,13,C3,2,4,7,2,16.794,16.794,16.544,clear,21.20211111,5,2,G10,0.000453333,0.002135667
1753i,1753,208,C,C,H,M,2020-01-09T00:00:00Z,7,2.833,NA,1,18,H4,2,4,6,8,16.794,16.794,15.908,clear,21.55977778,5,1,B2,0.001987,0.000988889
986i,986,65,H,H,H,M,2020-01-01T00:00:00Z,1,3.349,NA,2,17,D1,27,29,68,5,16.331,16.797,16.797,clear,21.24133333,30,12,A1,0.001587,0.002409
2278i,2278,213,H,H,H,F,2020-01-20T00:00:00Z,5,2.686,NA,2,8,C1,1,4,4,12,16.797,16.797,16.793,clear,20.56577778,5,1,H2,0.000526667,0.000988889
1393i,1393,119,C,H,H,M,2020-01-04T00:00:00Z,7,3.016,NA,2,19,I1,2,4,9,2,17.455,16.806,17.292,clear_after_clahe,22.61666667,5,2,H3,0.008153,0.002135667
3275i,3275,347,C,C,H,M,2020-02-02T00:00:00Z,3,3.101,NA,1,4,D10,26,29,62,6,16.382,16.836,16.565,clear,21.32666667,30,11,C4,0.0014,0.003033333
1239i,1239,65,H,H,H,F,2020-01-03T00:00:00Z,3,5.057,NA,2,17,I4,16,19,39,11,17.304,16.836,17.738,clear,18.962,20,7,D4,0.004013,0.002569889
1843i,1843,208,C,C,H,F,2020-01-10T00:00:00Z,3,5.685,NA,1,21,E7,21,24,52,3,17.178,16.85,17.066,clear,21.713,25,9,B5,0.00208,0.002126667
2410i,2410,233,H,H,H,M,2020-01-22T00:00:00Z,1,3.354,NA,1,7,H5,32,34,78,3,17.745,16.865,16.601,clear_after_clahe,20.25488889,35,13,A2,0.002237,0.001602333
1388i,1388,119,C,H,H,F,2020-01-04T00:00:00Z,7,4.573,NA,2,20,B3,33,34,83,19,15.761,16.887,16.887,clear,20.79366667,35,14,D3,0.004453,0.003578
3862i,3862,310,C,H,C,M,2020-02-10T00:00:00Z,7,3.824,NA,2,13,E9,2,4,8,12,16.382,16.908,16.917,clear,22.69533333,5,2,H8,0.000486667,0.002135667
3049i,3049,235,H,H,C,M,2020-01-30T00:00:00Z,7,3.188,NA,0,10,H5,12,14,34,1,16.676,16.912,15.83,clear,20.47455556,15,6,A8,0.00206,0.003100333
2831i,2831,303,H,C,H,M,2020-01-28T00:00:00Z,7,3.012,NA,0,3,E3,2,4,6,19,16.357,16.917,16.908,clear,21.55977778,5,1,E2,0.00142,0.000988889
3866i,3866,324,C,H,C,M,2020-02-10T00:00:00Z,1,4.113,NA,1,10,A1,2,4,8,2,17.304,16.942,19.152,clear,22.69533333,5,2,D1,0.000953333,0.002135667
2468i,2468,227,H,H,H,F,2020-01-23T00:00:00Z,5,5.091,NA,1,6,H7,23,24,59,1,17.263,16.95,17.372,clear,20.87455556,25,10,E3,0.004487,0.001974667
2935i,2935,308,H,C,H,M,2020-01-29T00:00:00Z,3,2.899,NA,1,1,F6,31,34,77,5,15.461,16.972,16.323,clear,17.18766667,35,13,G10,0.001093,0.001602333
2863i,2863,311,C,H,H,M,2020-01-28T00:00:00Z,7,2.396,NA,2,3,E10,32,34,77,11,16.319,16.972,17.184,clear,17.18766667,35,13,F10,0.002047,0.001602333
2016i,2016,129,C,C,C,M,2020-01-14T00:00:00Z,7,2.604,NA,1,15,G7,2,4,9,15,18.108,16.995,17.962,clear,22.61666667,5,2,B5,0.000033333,0.002135667
2304i,2304,215,H,H,H,M,2020-01-20T00:00:00Z,5,2.886,NA,2,8,D1,1,4,2,12,17.492,16.996,17.492,clear,20.84455556,5,1,B7,0.001067,0.000988889
3890i,3890,348,C,C,C,M,2020-02-10T00:00:00Z,7,3.915,NA,1,13,F5,27,29,68,11,17.742,16.996,17.742,clear,21.24133333,30,12,G12,0.00068,0.002409
1178i,1178,70,H,H,C,M,2020-01-03T00:00:00Z,1,3.536,NA,2,19,E3,32,34,78,12,16.865,17.035,17.529,clear,20.25488889,35,13,F12,0.002613,0.001602333
4050i,4050,324,C,H,C,F,2020-02-15T00:00:00Z,3,5.776,NA,1,14,A3,16,19,37,3,17.236,17.04,17.259,clear,22.125,20,7,F10,0.005367,0.002569889
1593i,1593,187,C,C,H,M,2020-01-07T00:00:00Z,7,2.784,NA,0,7,C4,16,19,38,12,17.045,17.045,16.942,clear_after_clahe,22.34855556,20,7,H3,0.002387,0.002569889
2209i,2209,196,C,H,C,M,2020-01-19T00:00:00Z,1,4.334,NA,0,8,F6,2,4,8,1,17.273,17.05,18.657,clear_after_clahe,22.69533333,5,2,E7,0.001207,0.002135667
2860i,2860,305,H,C,H,F,2020-01-28T00:00:00Z,7,5.403,NA,0,3,E9,31,34,75,12,16.212,17.056,16.621,clear,18.875,35,13,B5,0.006633,0.001602333
415i,415,30,H,C,C,M,2019-12-29T00:00:00Z,3,2.557,NA,1,16,D3,2,4,10,10,17.08,17.076,16.82,clear_after_clahe,22.52377778,5,2,B2,0.000273333,0.002135667
2455i,2455,252,C,H,H,M,2020-01-23T00:00:00Z,1,3.079,NA,2,7,G2,42,44,106,12,16.767,17.107,16.857,clear,24.35088889,45,18,A8,0.001273,0.001560222
250i,250,1,H,H,C,M,2019-12-27T00:00:00Z,3,3.157,NA,1,8,H8,2,4,7,17,17.669,17.111,17.372,clear,21.20211111,5,2,D6,0.02,0.002135667
2791i,2791,315,C,H,H,M,2020-01-28T00:00:00Z,7,3.217,NA,2,3,C8,11,14,25,1,16.797,17.113,17.238,clear_after_clahe,22.87555556,15,5,H7,0.000973333,0.001357667
3681i,3681,295,H,C,C,M,2020-02-06T00:00:00Z,7,2.987,NA,1,14,D9,37,39,94,15,17.03,17.118,17.546,clear,21.47172222,40,16,B3,0.00096,0.001589667
668i,668,14,H,H,C,M,2019-12-31T00:00:00Z,7,2.864,NA,3,7,F2,6,9,15,3,18.718,17.128,18.082,clear,21.04077778,10,3,G10,0.001153,0.004886333
309i,309,50,H,C,H,M,2019-12-28T00:00:00Z,5,2.785,NA,2,17,C1,31,34,74,10,16.42,17.149,17.678,clear,19.76166667,35,13,F2,0.001673,0.001602333
2688i,2688,289,H,C,H,M,2020-01-27T00:00:00Z,3,3.134,NA,1,2,G2,31,34,74,4,17.378,17.149,16.771,clear,19.76166667,35,13,F1,0.001407,0.001602333
4101i,4101,369,C,C,H,F,2020-02-19T00:00:00Z,3,5.089,NA,1,15,A6,12,14,30,1,18.651,17.169,17.658,clear,23.90444444,15,5,F9,0.004307,0.001357667
2737i,2737,297,H,C,H,M,2020-01-27T00:00:00Z,3,3.681,NA,1,2,H6,17,19,41,3,17.178,17.178,16.967,clear_after_clahe,21.463,20,7,G2,0.005107,0.002569889
3288i,3288,357,C,C,H,F,2020-02-02T00:00:00Z,1,5.598,NA,1,4,B1,27,29,67,3,17.222,17.178,17.699,clear,21.08022222,30,12,D6,0.006107,0.002409
3046i,3046,234,H,H,C,M,2020-01-30T00:00:00Z,7,2.403,NA,1,10,H4,16,19,38,3,18.084,17.18,15.364,clear,22.34855556,20,7,C8,0.001107,0.002569889
3717i,3717,313,C,H,C,M,2020-02-06T00:00:00Z,7,2.842,NA,2,14,E3,31,34,77,4,18.103,17.184,18.046,clear_after_clahe,17.18766667,35,13,C6,0.001067,0.001602333
1734i,1734,210,C,C,H,F,2020-01-09T00:00:00Z,3,5.062,NA,1,19,H4,46,48,112,14,17.739,17.189,17.72,clear,19.50088889,49,19,H3,0.001053,0.001645444
3912i,3912,324,C,H,C,F,2020-02-11T00:00:00Z,1,6.977,NA,1,14,G1,2,4,10,4,18.185,17.19,18.064,clear,22.52377778,5,2,C3,0.001633,0.002135667
3088i,3088,342,C,C,H,F,2020-01-31T00:00:00Z,5,5.711,NA,0,4,H4,12,14,31,4,17.725,17.195,16.971,clear,22.05633333,15,6,C2,0.0015,0.003100333
1506i,1506,192,C,C,H,M,2020-01-06T00:00:00Z,1,3.39,NA,1,9,A7,37,39,91,10,17.214,17.214,17.214,clear_after_clahe,21.53,40,16,H8,0.001767,0.001589667
3498i,3498,290,H,C,C,F,2020-02-04T00:00:00Z,3,5.495,NA,1,11,D9,31,34,75,3,16.829,17.219,16.885,clear,18.875,35,13,C2,0.01,0.001602333
3191i,3191,324,C,H,H,F,2020-02-01T00:00:00Z,5,3.905,NA,1,10,H7,31,34,74,19,17.698,17.219,17.195,clear,19.76166667,35,13,G4,0.007487,0.001602333
2777i,2777,311,C,H,H,M,2020-01-28T00:00:00Z,5,2.05,NA,2,1,B1,37,39,94,1,16.559,17.222,17.222,clear,21.47172222,40,16,H10,0.000653333,0.001589667
3889i,3889,348,C,C,C,M,2020-02-10T00:00:00Z,5,3.323,NA,1,13,D1,31,34,77,14,17.184,17.222,17.241,clear,17.18766667,35,13,G1,0.001533,0.001602333
1749i,1749,211,C,C,H,M,2020-01-09T00:00:00Z,3,3.4,NA,1,19,H9,16,19,40,17,17.225,17.225,18.194,clear,19.17588889,20,7,A6,0.006447,0.002569889
1816i,1816,109,C,H,C,F,2020-01-10T00:00:00Z,5,5.803,NA,2,19,A2,32,34,82,6,17.226,17.226,17.938,clear,20.78366667,35,14,F2,0.01,0.003578
1751i,1751,211,C,C,H,M,2020-01-09T00:00:00Z,7,3.209,NA,1,18,G4,33,34,84,8,17.768,17.255,17.768,clear,20.79366667,35,14,E12,0.002013,0.003578
1848i,1848,210,C,C,H,F,2020-01-10T00:00:00Z,7,4.968,NA,1,21,A4,32,34,82,5,17.283,17.283,17.264,clear,20.78366667,35,14,D8,0.007067,0.003578
2207i,2207,196,C,H,C,F,2020-01-19T00:00:00Z,1,5.482,NA,0,8,E1,26,29,62,3,17.304,17.285,17.738,clear,21.32666667,30,11,C12,0.0039,0.003033333
2837i,2837,305,H,C,H,F,2020-01-28T00:00:00Z,3,5.128,NA,0,2,B2,31,34,74,15,16.755,17.29,16.755,clear,19.76166667,35,13,E6,0.01,0.001602333
2418i,2418,230,H,H,H,M,2020-01-22T00:00:00Z,3,2.721,NA,2,8,C2,7,9,18,12,18.199,17.296,18.675,clear,23.40777778,10,3,B1,0.001047,0.004886333
2639i,2639,275,H,C,H,M,2020-01-27T00:00:00Z,1,3.633,NA,0,6,G9,37,39,93,15,17.307,17.307,17.741,clear,21.29533333,40,16,E8,0.001867,0.001589667
453i,453,58,C,H,H,M,2019-12-29T00:00:00Z,1,3.503,NA,2,16,D1,1,4,4,3,17.742,17.311,17.238,clear,20.56577778,5,1,A4,0.0016,0.000988889
3734i,3734,319,C,H,C,M,2020-02-06T00:00:00Z,7,3.23,NA,0,14,D5,38,39,94,12,16.777,17.362,17.566,clear_after_clahe,21.47172222,40,16,B5,0.001753,0.001589667
455i,455,79,H,C,H,M,2019-12-29T00:00:00Z,1,3.929,NA,0,16,C7,2,4,10,11,16.818,17.381,16.738,clear_after_clahe,22.52377778,5,2,A1,0.001453,0.002135667
2693i,2693,298,H,C,H,M,2020-01-27T00:00:00Z,5,3.221,NA,1,1,H10,2,4,9,12,17.629,17.381,17.569,clear_after_clahe,22.61666667,5,2,F1,0.001133,0.002135667
999i,999,63,H,C,H,F,2020-01-01T00:00:00Z,7,5.209,NA,1,18,A5,42,44,105,11,16.323,17.397,17.632,clear,21.326,45,18,D5,0.00302,0.001560222
1636i,1636,57,C,H,C,M,2020-01-08T00:00:00Z,7,2.851,NA,2,18,I6,33,34,84,12,16.761,17.397,17.27,clear,20.79366667,35,14,A3,0.001767,0.003578
1495i,1495,151,C,C,H,M,2020-01-06T00:00:00Z,3,2.897,NA,2,20,C8,2,4,5,12,17.096,17.412,17.524,clear_after_clahe,21.13577778,5,1,F12,0.00062,0.000988889
2840i,2840,305,H,C,H,M,2020-01-28T00:00:00Z,7,2.724,NA,0,3,E7,16,19,38,14,17.045,17.419,17.69,clear,22.34855556,20,7,D7,0.001093,0.002569889
3960i,3960,342,C,C,C,F,2020-02-12T00:00:00Z,5,6.802,NA,0,13,G5,46,48,110,11,18.191,17.426,17.222,clear,21.59911111,49,19,G1,0.01,0.001645444
3421i,3421,297,H,C,C,F,2020-02-03T00:00:00Z,7,5.595,NA,1,12,F3,6,9,16,1,16.322,17.431,17.181,clear,19.43422222,10,3,E7,0.009687,0.004886333
888i,888,56,C,H,C,M,2020-01-01T00:00:00Z,1,4.035,NA,1,17,D9,27,29,69,3,17.169,17.461,16.931,clear,21.78322222,30,12,B6,0.00086,0.002409
2461i,2461,238,H,C,H,M,2020-01-23T00:00:00Z,1,3.481,NA,2,7,F10,38,39,96,19,17.214,17.466,17.17,clear,22.07211111,40,16,A8,0.00248,0.001589667
3680i,3680,295,H,C,C,M,2020-02-06T00:00:00Z,3,3.079,NA,1,10,E6,36,39,85,19,17.731,17.47,17.731,clear,21.97466667,40,15,G12,0.00096,0.00307
1756i,1756,195,C,H,H,F,2020-01-09T00:00:00Z,7,4.463,NA,2,18,H5,3,4,12,6,17.951,17.474,17.009,clear,21.25233333,5,2,H9,0.002333,0.002135667
3855i,3855,310,C,H,C,M,2020-02-09T00:00:00Z,3,3.584,NA,2,14,G3,46,48,112,4,16.794,17.478,16.794,clear,19.50088889,49,19,B2,0.001033,0.001645444
466ia,4335,16,H,H,C,M,2019-12-30T00:00:00Z,7,2.726,NA,1,9,D9,31,34,74,6,16.689,17.481,17.055,clear_after_clahe,19.76166667,35,13,H11,0.001453,0.001602333
758i,758,106,H,C,H,F,2019-12-31T00:00:00Z,3,5.733,NA,2,8,I9,26,29,62,4,17.906,17.491,17.792,clear,21.32666667,30,11,A3,0.00549,0.003033333
3329i,3329,259,C,H,C,M,2020-02-02T00:00:00Z,1,3.909,NA,1,3,I7,17,19,43,10,18.052,17.492,18.052,clear,21.49611111,20,8,G6,0.002573,0.002566333
1624i,1624,79,H,C,C,M,2020-01-08T00:00:00Z,1,3.67,NA,0,20,B6,22,24,57,4,17.452,17.524,18.48,clear,23.50977778,25,10,C6,0.004467,0.001974667
2407i,2407,228,H,H,H,F,2020-01-22T00:00:00Z,3,4.397,NA,0,8,D3,21,24,52,12,17.196,17.538,17.214,clear_after_clahe,21.713,25,9,F6,0.002007,0.002126667
3759i,3759,299,H,C,C,M,2020-02-07T00:00:00Z,3,4.167,NA,2,12,D3,32,34,80,4,17.598,17.598,18.118,clear,18.80166667,35,14,E11,0.002013,0.003578
1565i,1565,182,C,H,H,M,2020-01-07T00:00:00Z,3,3.146,NA,1,9,C3,16,19,37,11,18.567,17.607,18.466,clear_after_clahe,22.125,20,7,D1,0.0024,0.002569889
466i,466,14,H,H,C,F,2019-12-30T00:00:00Z,3,5.58,NA,3,17,B5,36,39,86,4,17.764,17.609,18.188,clear,22.67322222,40,15,F9,0.01,0.00307
732i,732,63,H,C,H,M,2019-12-31T00:00:00Z,1,3.314,NA,1,17,A2,6,9,15,1,17.381,17.611,18.082,clear_after_clahe,21.04077778,10,3,D4,0.00098,0.004886333
1956i,1956,138,C,H,C,M,2020-01-13T00:00:00Z,7,3.288,NA,2,8,E4,31,34,77,8,17.222,17.632,17.674,clear,17.18766667,35,13,A8,0.002227,0.001602333
2550i,2550,253,C,H,H,M,2020-01-25T00:00:00Z,5,3.163,NA,1,2,F4,8,9,24,11,17.636,17.636,18.624,clear_after_clahe,29.34333333,10,4,D4,0.001847,0.001893333
1070i,1070,109,C,H,H,M,2020-01-02T00:00:00Z,7,2.664,NA,2,18,F2,47,48,115,1,18.636,17.643,17.643,clear_after_clahe,21.26333333,49,20,A7,0.00234,0.000611111
471i,471,10,H,H,C,M,2019-12-30T00:00:00Z,5,3.007,NA,1,20,E6,13,14,36,4,18.533,17.651,17.559,clear,20.24522222,15,6,C1,0.002867,0.003100333
2734i,2734,295,H,C,H,M,2020-01-27T00:00:00Z,7,2.362,NA,1,3,B6,21,24,50,5,17.658,17.658,17.198,clear,23.04711111,25,9,E4,0.000853333,0.002126667
2690i,2690,289,H,C,H,M,2020-01-27T00:00:00Z,7,2.919,NA,1,3,D6,6,9,16,17,19.804,17.661,18.559,clear,19.43422222,10,3,B3,0.001613,0.004886333
3628i,3628,319,C,H,C,M,2020-02-05T00:00:00Z,1,3.065,NA,0,3,B2,27,29,68,10,17.742,17.672,17.004,clear,21.24133333,30,12,E7,0.001347,0.002409
841i,841,24,H,H,C,M,2020-01-01T00:00:00Z,3,3.184,NA,0,20,F8,46,48,110,4,17.002,17.675,16.745,clear,21.59911111,49,19,G11,0.000753333,0.001645444
2454i,2454,252,C,H,H,F,2020-01-23T00:00:00Z,5,4.977,NA,2,6,H10,16,19,40,15,17.926,17.677,17.91,clear,19.17588889,20,7,A2,0.00159,0.002569889
2245i,2245,208,C,C,C,M,2020-01-20T00:00:00Z,3,3.847,NA,1,8,A8,2,4,7,4,17.739,17.681,17.739,clear,21.20211111,5,2,F5,0.001127,0.002135667
3975i,3975,357,C,C,C,M,2020-02-12T00:00:00Z,1,4.432,NA,1,14,C4,37,39,93,19,17.482,17.699,17.513,clear,21.29533333,40,16,D8,0.00154,0.001589667
2738i,2738,297,H,C,H,F,2020-01-27T00:00:00Z,5,4.8,NA,1,1,H4,32,34,80,6,18.617,17.712,18.176,clear,18.80166667,35,14,F8,0.007347,0.003578
2855i,2855,284,C,H,H,M,2020-01-28T00:00:00Z,5,2.124,NA,1,1,B3,7,9,19,12,19.116,17.712,17.2,clear_after_clahe,22.85566667,10,4,A1,0.00169,0.001893333
2963i,2963,314,C,H,H,M,2020-01-30T00:00:00Z,5,2.172,NA,1,5,B1,37,39,90,12,18.142,17.72,17.739,clear,22.22688889,40,15,B9,0.000526667,0.00307
3229i,3229,352,C,C,H,F,2020-02-01T00:00:00Z,3,5.484,NA,2,21,F7,41,44,99,4,17.684,17.723,17.531,clear_after_clahe,24.16844444,45,17,D7,0.004607,0.003039778
4018i,4018,354,C,C,C,F,2020-02-14T00:00:00Z,3,5.727,NA,2,13,H1,32,34,80,12,17.731,17.731,17.228,clear_after_clahe,18.80166667,35,14,C2,0.00322,0.003578
482i,482,9,H,H,C,M,2019-12-30T00:00:00Z,1,3.706,NA,2,21,B3,16,19,39,12,18.169,17.738,17.963,clear,18.962,20,7,H2,0.002647,0.002569889
2651i,2651,297,H,C,H,F,2020-01-27T00:00:00Z,1,6.137,NA,1,6,G1,11,14,29,9,14.835,17.739,16.794,clear,21.23988889,15,5,H5,0.007533,0.001357667
3307i,3307,252,C,H,C,F,2020-02-02T00:00:00Z,1,5.95,NA,2,3,I3,46,48,112,8,17.739,17.739,17.739,clear,19.50088889,49,19,F4,0.007053,0.001645444
2217i,2217,192,C,C,C,F,2020-01-19T00:00:00Z,5,5.702,NA,1,7,H1,16,19,37,2,18.665,17.739,18.903,clear,22.125,20,7,D11,0.008487,0.002569889
2269i,2269,211,C,C,C,M,2020-01-20T00:00:00Z,5,3.022,NA,1,8,D9,32,34,78,2,18.209,17.745,18.855,clear,20.25488889,35,13,D5,0.003467,0.001602333
859i,859,39,H,H,C,M,2020-01-01T00:00:00Z,3,2.465,NA,2,20,F5,1,4,1,11,18.052,17.747,17.994,clear,21.41322222,5,1,E10,0.00038,0.000988889
2512i,2512,221,H,H,H,M,2020-01-24T00:00:00Z,3,3.587,NA,2,5,G1,31,34,75,8,17.766,17.766,18.149,clear,18.875,35,13,H4,0.003473,0.001602333
1533i,1533,57,C,H,C,M,2020-01-07T00:00:00Z,1,2.952,NA,2,18,A7,31,34,75,19,17.766,17.766,17.097,clear,18.875,35,13,F9,0.000473333,0.001602333
3082i,3082,323,C,H,H,M,2020-01-31T00:00:00Z,1,3.871,NA,2,1,F9,21,24,50,12,18.122,17.773,17.916,clear,23.04711111,25,9,B8,0.00196,0.002126667
2471i,2471,234,H,H,H,F,2020-01-23T00:00:00Z,3,5.639,NA,1,5,D1,6,9,16,12,16.782,17.774,18.442,clear,19.43422222,10,3,E11,0.007533,0.004886333
1529i,1529,57,C,H,C,F,2020-01-07T00:00:00Z,1,6.091,NA,2,18,A2,37,39,93,3,17.307,17.836,17.741,clear,21.29533333,40,16,D10,0.005133,0.001589667
895i,895,54,H,H,C,M,2020-01-01T00:00:00Z,3,3.069,NA,1,20,D7,13,14,36,17,17.214,17.838,17.759,clear,20.24522222,15,6,E6,0.001287,0.003100333
3149i,3149,228,H,H,C,F,2020-01-31T00:00:00Z,3,8.419,NA,0,4,E9,31,34,74,3,18.099,17.838,18.24,clear,19.76166667,35,13,F4,0.006553,0.001602333
3835i,3835,342,C,C,C,M,2020-02-09T00:00:00Z,3,3.796,NA,0,14,G6,18,19,47,8,17.168,17.873,17.873,clear,23.19066667,20,8,F2,0.002593,0.002566333
899i,899,50,H,C,C,F,2020-01-01T00:00:00Z,7,5.879,NA,2,19,E7,28,29,71,3,17.181,17.88,17.137,clear,21.18411111,30,12,G6,0.01,0.002409
2554i,2554,260,C,H,H,F,2020-01-25T00:00:00Z,1,5.109,NA,1,5,D5,36,39,86,3,17.742,17.883,17.723,clear,22.67322222,40,15,H5,0.002167,0.00307
1741i,1741,209,C,C,H,M,2020-01-09T00:00:00Z,5,2.853,NA,2,7,D2,27,29,66,5,17.887,17.887,18.664,clear,22.38366667,30,11,A9,0.00044,0.003033333
4019i,4019,356,C,C,C,M,2020-02-14T00:00:00Z,3,3.922,NA,2,13,H2,16,19,41,11,18.376,17.907,18.191,clear,21.463,20,7,H9,0.003927,0.002569889
2503i,2503,262,C,H,H,M,2020-01-24T00:00:00Z,1,3.686,NA,0,8,D2,11,14,25,11,18.145,17.922,18.668,clear,22.87555556,15,5,G2,0.000693333,0.001357667
3454i,3454,365,C,C,H,M,2020-02-04T00:00:00Z,3,3.371,NA,0,11,E4,27,29,67,11,17.675,17.927,18.191,clear,21.08022222,30,12,C6,0.001427,0.002409
3625i,3625,315,C,H,C,M,2020-02-05T00:00:00Z,5,3.684,NA,2,12,D4,36,39,87,17,18.191,17.927,18.88,clear,23.29844444,40,15,G3,0.0008,0.00307
2725i,2725,299,H,C,H,M,2020-01-27T00:00:00Z,5,2.935,NA,2,1,H1,16,19,41,17,17.715,17.928,18.191,clear,21.463,20,7,D9,0.001287,0.002569889
1501i,1501,191,C,C,H,F,2020-01-06T00:00:00Z,1,6.504,NA,1,9,A9,37,39,92,4,17.337,17.93,17.221,clear,21.82922222,40,16,C10,0.0015,0.001589667
1055i,1055,56,C,H,C,M,2020-01-02T00:00:00Z,5,2.758,NA,1,7,E9,32,34,80,19,18.118,17.942,18.364,clear,18.80166667,35,14,B9,0.002607,0.003578
2192i,2192,181,H,C,C,M,2020-01-18T00:00:00Z,7,3.113,NA,2,8,C9,16,19,40,12,17.617,17.946,18.174,clear_after_clahe,19.17588889,20,7,B8,0.0041,0.002569889
2747i,2747,294,H,C,H,F,2020-01-27T00:00:00Z,7,4.576,NA,0,3,C1,21,24,51,1,18.626,17.95,18.142,clear,21.91977778,25,9,G4,0.0012,0.002126667
2902i,2902,314,C,H,H,F,2020-01-29T00:00:00Z,3,4.027,NA,1,1,G5,12,14,32,2,17.955,17.951,17.239,clear,20.423,15,6,A6,0.00548,0.003100333
2457i,2457,252,C,H,H,M,2020-01-23T00:00:00Z,5,2.901,NA,2,6,H9,26,29,64,3,18.081,17.999,18.521,clear_after_clahe,22.49188889,30,11,D3,0.0018,0.003033333
2395i,2395,211,C,C,C,F,2020-01-22T00:00:00Z,5,5.48,NA,1,5,H1,11,14,27,12,18.439,17.999,18.221,clear,20.41122222,15,5,H2,0.009553,0.001357667
3499i,3499,290,H,C,C,F,2020-02-04T00:00:00Z,7,6.089,NA,1,9,F10,17,19,43,16,17.091,18.033,17.091,clear,21.49611111,20,8,D2,0.01,0.002566333
1882i,1882,129,C,C,C,M,2020-01-11T00:00:00Z,3,2.772,NA,1,21,C6,17,19,42,17,17.383,18.043,16.466,clear_after_clahe,21.98511111,20,7,F8,0.000226667,0.002569889
900i,900,50,H,C,C,M,2020-01-01T00:00:00Z,1,3.248,NA,2,18,B3,17,19,43,19,18.052,18.052,18.052,clear,21.49611111,20,8,H11,0.001513,0.002566333
3283i,3283,354,C,C,H,M,2020-02-02T00:00:00Z,7,2.667,NA,2,10,A10,2,4,9,3,20.512,18.069,19.259,clear,22.61666667,5,2,A6,0.000833333,0.002135667
2270i,2270,211,C,C,C,M,2020-01-20T00:00:00Z,7,4.205,NA,1,5,H9,13,14,35,10,18.621,18.099,17.988,clear,22.43944444,15,6,F9,0.00292,0.003100333
790i,790,92,H,C,H,F,2019-12-31T00:00:00Z,1,6.715,NA,1,16,H4,36,39,89,5,18.544,18.119,18.642,clear,22.67577778,40,15,D8,0.01,0.00307
3122i,3122,351,C,C,H,M,2020-01-31T00:00:00Z,5,3.255,NA,1,4,E7,12,14,30,12,17.658,18.122,18.156,clear,23.90444444,15,5,H11,0.001113,0.001357667
2939i,2939,213,H,H,C,M,2020-01-29T00:00:00Z,7,3.004,NA,2,5,A1,18,19,46,4,16.578,18.123,16.693,clear,26.169,20,8,E6,0.002633,0.002566333
4017i,4017,347,C,C,C,F,2020-02-14T00:00:00Z,7,5.604,NA,1,15,B9,27,29,70,3,17.17,18.126,18.126,clear,22.24755556,30,12,C8,0.01,0.002409
481i,481,9,H,H,C,F,2019-12-30T00:00:00Z,5,4.364,NA,2,20,E9,6,9,16,15,17.712,18.132,18.668,clear,19.43422222,10,3,B2,0.001133,0.004886333
4027i,4027,358,C,C,C,M,2020-02-14T00:00:00Z,5,3.763,NA,0,15,E6,6,9,16,19,17.731,18.133,19.999,clear,19.43422222,10,3,G4,0.001033,0.004886333
299i,299,40,H,H,H,M,2019-12-28T00:00:00Z,1,4.056,NA,1,18,D7,21,24,49,12,18.617,18.133,17.911,clear,23.32666667,25,9,E5,0.00144,0.002126667
3239i,3239,221,H,H,C,F,2020-02-01T00:00:00Z,7,5.461,NA,2,12,H9,16,19,38,5,17.314,18.134,17.727,clear,22.34855556,20,7,H8,0.004213,0.002569889
46i,46,6,H,H,H,F,2019-12-20T00:00:00Z,7,3.261,NA,3,17,E5,22,24,53,3,18.427,18.134,18.058,clear,21.75544444,25,9,H6,0.00118,0.002126667
2842i,2842,306,H,C,H,F,2020-01-28T00:00:00Z,7,4.565,NA,2,3,E4,6,9,13,2,17.721,18.14,18.54,clear_after_clahe,19.515,10,3,B8,0.03,0.004886333
2287i,2287,221,H,H,H,F,2020-01-20T00:00:00Z,1,5.832,NA,2,16,A1,31,34,77,16,19.082,18.141,19.082,clear,17.18766667,35,13,D7,0.003453,0.001602333
3972i,3972,354,C,C,C,F,2020-02-12T00:00:00Z,7,6.033,NA,2,15,E3,3,4,12,10,17.675,18.144,18.562,clear,21.25233333,5,2,H6,0.009913,0.002135667
191i,191,4,H,H,C,F,2019-12-26T00:00:00Z,3,5.92,NA,1,18,C8,46,48,109,6,18.058,18.144,18.964,clear,23.05611111,49,19,B9,0.003073,0.001645444
3544i,3544,294,H,C,C,M,2020-02-04T00:00:00Z,3,4.002,NA,0,11,D3,47,48,114,12,18.24,18.148,18.543,clear,21.34844444,49,19,C9,0.00202,0.001645444
3355i,3355,357,C,C,H,M,2020-02-03T00:00:00Z,3,5.16,NA,1,11,A6,33,34,83,16,18.914,18.151,18.691,clear,20.79366667,35,14,C9,0.008173,0.003578
1195i,1195,129,C,C,H,F,2020-01-03T00:00:00Z,1,6.105,NA,1,20,E5,36,39,89,10,18.388,18.162,18.544,clear,22.67577778,40,15,D9,0.005047,0.00307
731i,731,63,H,C,H,F,2019-12-31T00:00:00Z,3,5.383,NA,1,16,G7,6,9,14,2,17.91,18.178,18.139,clear,20.51455556,10,3,A1,0.005703,0.004886333
4255i,4255,377,C,C,C,M,2020-02-28T00:00:00Z,7,3.395,NA,1,15,B5,47,48,113,1,17.214,18.183,17.69,clear,21.324,49,19,H6,0.00106,0.001645444
2280i,2280,213,H,H,H,M,2020-01-20T00:00:00Z,3,3.034,NA,2,7,I3,22,24,55,2,17.214,18.183,17.618,clear,23.49033333,25,10,B8,0.001667,0.001974667
3555i,3555,360,C,C,H,F,2020-02-05T00:00:00Z,5,4.157,NA,1,12,E5,46,48,113,11,18.183,18.183,18.183,clear_after_clahe,21.324,49,19,C7,0.001813,0.001645444
468i,468,14,H,H,C,F,2019-12-30T00:00:00Z,7,4.571,NA,3,9,E7,37,39,91,17,18.183,18.183,18.122,clear,21.53,40,16,F4,0.004893,0.001589667
4218i,4218,369,C,C,C,M,2020-02-27T00:00:00Z,1,3.452,NA,1,15,B7,36,39,86,17,18.129,18.188,18.418,clear,22.67322222,40,15,E1,0.001327,0.00307
3140i,3140,221,H,H,C,M,2020-01-31T00:00:00Z,1,2.969,NA,2,1,I7,46,48,110,19,18.191,18.191,18.424,clear,21.59911111,49,19,E11,0.00194,0.001645444
3737i,3737,322,C,C,C,M,2020-02-06T00:00:00Z,5,3.729,NA,1,9,I5,16,19,41,2,18.191,18.191,18.171,clear,21.463,20,7,B9,0.001007,0.002569889
1551i,1551,179,H,C,H,M,2020-01-07T00:00:00Z,5,3.261,NA,0,7,A10,12,14,31,3,18.386,18.193,17.744,clear,22.05633333,15,6,F8,0.001427,0.003100333
3738i,3738,322,C,C,C,M,2020-02-06T00:00:00Z,7,3.428,NA,1,21,F6,37,39,92,16,18.194,18.194,18.174,clear,21.82922222,40,16,F7,0.002413,0.001589667
3142i,3142,221,H,H,C,M,2020-01-31T00:00:00Z,7,3.854,NA,2,11,G1,16,19,40,14,18.651,18.194,19.144,clear,19.17588889,20,7,H1,0.001433,0.002569889
85i,85,14,H,H,H,F,2019-12-22T00:00:00Z,5,5.431,NA,3,17,F1,11,14,26,2,18.418,18.195,18.268,clear_after_clahe,21.64188889,15,5,E10,0.0029,0.001357667
86i,86,14,H,H,H,M,2019-12-22T00:00:00Z,5,2.84,NA,3,17,E7,1,4,1,1,18.283,18.196,18.033,clear,21.41322222,5,1,F10,0.001293,0.000988889
3274i,3274,347,C,C,H,M,2020-02-02T00:00:00Z,1,3.359,NA,1,4,E5,32,34,81,15,18.199,18.199,18.199,clear,20.682,35,14,A1,0.00134,0.003578
2114i,2114,208,C,C,H,F,2020-01-16T00:00:00Z,7,4.669,NA,1,7,H6,12,14,32,17,18.591,18.199,18.854,clear,20.423,15,6,C4,0.003647,0.003100333
637i,637,2,H,H,C,M,2019-12-31T00:00:00Z,7,2.379,NA,0,7,E4,26,29,62,17,20.123,18.207,19.152,clear,21.32666667,30,11,H6,0.00086,0.003033333
1590i,1590,187,C,C,H,M,2020-01-07T00:00:00Z,1,3.77,NA,0,17,I7,37,39,93,4,18.21,18.21,18.21,clear,21.29533333,40,16,G11,0.001773,0.001589667
3896i,3896,349,C,C,C,M,2020-02-10T00:00:00Z,5,4.009,NA,1,13,B6,13,14,36,12,18.062,18.217,18.533,clear,20.24522222,15,6,G10,0.00184,0.003100333
2188i,2188,181,H,C,C,F,2020-01-18T00:00:00Z,1,4.342,NA,2,20,H6,31,34,75,14,18.688,18.219,18.336,clear,18.875,35,13,H2,0.002727,0.001602333
2943i,2943,215,H,H,C,M,2020-01-29T00:00:00Z,1,4.109,NA,2,2,I6,12,14,31,1,17.547,18.234,18.216,clear,22.05633333,15,6,E9,0.001687,0.003100333
3927i,3927,344,C,C,C,M,2020-02-11T00:00:00Z,3,3.922,NA,2,11,I8,1,4,1,17,18.052,18.247,18.052,clear,21.41322222,5,1,D4,NA,0.000988889
2659i,2659,269,H,C,H,M,2020-01-27T00:00:00Z,1,3.515,NA,2,6,G4,37,39,91,15,18.122,18.259,18.327,clear_after_clahe,21.53,40,16,E6,0.003487,0.001589667
404i,404,39,H,H,H,F,2019-12-29T00:00:00Z,3,5.403,NA,2,16,D4,12,14,31,11,18.967,18.268,19.077,clear,22.05633333,15,6,H5,0.00226,0.003100333
3235i,3235,215,H,H,C,F,2020-02-01T00:00:00Z,5,4.029,NA,2,10,I4,32,34,81,5,18.161,18.271,17.673,clear,20.682,35,14,H1,0.01,0.003578
3816i,3816,327,C,H,C,M,2020-02-08T00:00:00Z,3,3.236,NA,0,9,I9,11,14,25,19,17.191,18.303,16.928,clear,22.87555556,15,5,D1,0.00086,0.001357667
3830i,3830,342,C,C,C,M,2020-02-08T00:00:00Z,7,3.269,NA,0,13,B8,1,4,2,14,18.47,18.308,18.523,clear_after_clahe,20.84455556,5,1,A3,0.00166,0.000988889
3006i,3006,222,H,H,C,F,2020-01-30T00:00:00Z,1,5.963,NA,2,2,E1,17,19,42,5,17.367,18.311,17.822,clear,21.98511111,20,7,C3,0.009633,0.002569889
3954i,3954,310,C,H,C,M,2020-02-12T00:00:00Z,5,3.713,NA,2,13,G3,32,34,79,11,18.199,18.317,17.688,clear,20.32988889,35,14,B2,0.000673333,0.003578
2638i,2638,275,H,C,H,F,2020-01-27T00:00:00Z,7,4.76,NA,0,3,C10,31,34,76,14,18.199,18.326,18.199,clear,20.86737778,35,13,B3,0.003953,0.001602333
872i,872,40,H,H,C,M,2020-01-01T00:00:00Z,3,3.743,NA,1,20,F7,1,4,2,5,18.332,18.332,18.332,clear,20.84455556,5,1,G12,0.00142,0.000988889
3177i,3177,239,C,H,C,M,2020-01-31T00:00:00Z,5,3.582,NA,2,4,C6,6,9,14,11,17.031,18.36,18.316,clear,20.51455556,10,3,B4,0.00084,0.004886333
2722i,2722,306,H,C,H,M,2020-01-27T00:00:00Z,5,2.618,NA,2,1,G10,11,14,28,10,19.351,18.367,19.732,clear_after_clahe,20.87955556,15,5,G3,0.001113,0.001357667
2472i,2472,234,H,H,H,M,2020-01-23T00:00:00Z,3,2.62,NA,1,5,C8,18,19,48,3,19.1,18.368,18.082,clear,23.26977778,20,8,F5,0.002453,0.002566333
591i,591,70,H,H,H,M,2019-12-30T00:00:00Z,7,2.405,NA,2,9,F3,22,24,55,3,19.62,18.379,19.091,clear,23.49033333,25,10,D10,0.003027,0.001974667
3385i,3385,253,C,H,C,M,2020-02-03T00:00:00Z,5,3.339,NA,1,12,H4,31,34,76,3,18.427,18.397,18.199,clear,20.86737778,35,13,A9,0.003467,0.001602333
883i,883,58,C,H,C,F,2020-01-01T00:00:00Z,1,5.429,NA,2,17,C2,11,14,28,2,18.038,18.415,19.031,clear,20.87955556,15,5,D10,0.003013,0.001357667
3092i,3092,348,C,C,H,M,2020-01-31T00:00:00Z,3,3,NA,1,4,H8,37,39,94,5,18.748,18.424,18.42,clear,21.47172222,40,16,B4,0.000913333,0.001589667
1831i,1831,79,H,C,C,M,2020-01-10T00:00:00Z,7,3.494,NA,0,21,A8,32,34,80,10,19.627,18.43,19.624,clear,18.80166667,35,14,C3,0.00186,0.003578
2713i,2713,322,C,C,H,M,2020-01-27T00:00:00Z,7,2.287,NA,1,3,B4,33,34,83,10,17.768,18.434,17.768,clear,20.79366667,35,14,A8,0.002567,0.003578
3722i,3722,318,C,H,C,M,2020-02-06T00:00:00Z,7,3.574,NA,1,14,D1,46,48,112,2,16.794,18.439,17.739,clear,19.50088889,49,19,H10,0.001593,0.001645444
3747i,3747,273,H,C,C,M,2020-02-07T00:00:00Z,7,3.141,NA,2,12,B1,36,39,86,8,17.742,18.441,18.441,clear,22.67322222,40,15,F11,0.001307,0.00307
2786i,2786,313,C,H,H,M,2020-01-28T00:00:00Z,5,2.166,NA,2,1,A10,3,4,11,2,19.641,18.45,19.525,clear,16.72211111,5,2,E12,0.000926667,0.002135667
3405i,3405,276,H,C,C,M,2020-02-03T00:00:00Z,1,4.433,NA,1,3,G7,17,19,43,14,17.333,18.462,18.736,clear,21.49611111,20,8,D7,0.003873,0.002566333
2373i,2373,228,H,H,H,F,2020-01-21T00:00:00Z,7,5.017,NA,0,6,I6,46,48,112,11,17.939,18.466,17.607,clear_after_clahe,19.50088889,49,19,A5,0.00176,0.001645444
3369i,3369,365,C,C,H,M,2020-02-03T00:00:00Z,7,2.901,NA,0,12,C3,46,48,109,4,19.859,18.48,18.575,clear_after_clahe,23.05611111,49,19,F6,0.0014,0.001645444
2172i,2172,179,H,C,C,M,2020-01-18T00:00:00Z,1,3.376,NA,0,20,I2,12,14,31,6,19.21,18.483,18.955,clear,22.05633333,15,6,G3,0.005667,0.003100333
1683i,1683,196,C,H,H,F,2020-01-08T00:00:00Z,1,5.126,NA,0,20,A7,8,9,24,10,18.032,18.488,18.148,clear,29.34333333,10,4,A2,0.00163,0.001893333
3273i,3273,347,C,C,H,F,2020-02-02T00:00:00Z,7,4.578,NA,1,10,A8,37,39,91,14,18.183,18.503,18.595,clear,21.53,40,16,C6,0.001507,0.001589667
1238i,1238,65,H,H,H,F,2020-01-03T00:00:00Z,1,5.782,NA,2,19,E5,47,48,114,8,19.218,18.506,19.43,clear,21.34844444,49,19,F1,0.005753,0.001645444
4246i,4246,383,C,C,C,M,2020-02-28T00:00:00Z,1,4.331,NA,1,13,E7,13,14,36,19,19.067,18.517,17.052,clear,20.24522222,15,6,E2,0.00242,0.003100333
3066i,3066,327,C,H,H,F,2020-01-31T00:00:00Z,7,4.162,NA,0,11,H2,1,4,3,3,19.522,18.522,19.522,clear,21.94944444,5,1,G3,0.01,0.000988889
2344i,2344,211,C,C,C,F,2020-01-21T00:00:00Z,1,6.526,NA,1,21,B1,6,9,13,12,18.62,18.528,19.064,clear,19.515,10,3,C6,0.00192,0.004886333
3940i,3940,351,C,C,C,F,2020-02-11T00:00:00Z,3,6.068,NA,1,12,A3,47,48,114,11,18.012,18.543,18.543,clear,21.34844444,49,19,H8,0.01,0.001645444
2850i,2850,308,H,C,H,M,2020-01-28T00:00:00Z,7,2.76,NA,1,3,E8,11,14,28,12,19.428,18.543,18.163,clear_after_clahe,20.87955556,15,5,E8,0.000986667,0.001357667
3042i,3042,233,H,H,C,M,2020-01-30T00:00:00Z,3,3.552,NA,1,1,D5,1,4,3,2,18.554,18.554,18.493,clear,21.94944444,5,1,F8,0.002007,0.000988889
3538i,3538,289,H,C,C,M,2020-02-04T00:00:00Z,5,3.624,NA,1,10,D5,26,29,65,2,18.608,18.557,17.579,clear,23.90366667,30,11,F3,0.00114,0.003033333
2416i,2416,230,H,H,H,F,2020-01-22T00:00:00Z,3,5.319,NA,2,8,C5,47,48,114,6,18.559,18.559,19.326,clear,21.34844444,49,19,H9,0.0069,0.001645444
2967i,2967,327,C,H,H,M,2020-01-30T00:00:00Z,1,3.668,NA,0,2,A4,36,39,85,10,18.656,18.559,19.058,clear,21.97466667,40,15,B8,0.00112,0.00307
2303i,2303,215,H,H,H,F,2020-01-20T00:00:00Z,7,5.301,NA,2,5,H4,17,19,42,12,17.868,18.564,18.564,clear,21.98511111,20,7,C5,0.005853,0.002569889
2934i,2934,307,H,C,H,F,2020-01-29T00:00:00Z,5,4.59,NA,2,5,A3,17,19,42,3,18.086,18.564,18.315,clear,21.98511111,20,7,E8,0.008407,0.002569889
3650i,3650,268,C,H,C,F,2020-02-06T00:00:00Z,7,5.495,NA,1,14,F4,7,9,22,10,18.564,18.564,18.794,clear,22.11688889,10,4,F2,0.01,0.001893333
1069i,1069,109,C,H,H,F,2020-01-02T00:00:00Z,7,4.318,NA,2,18,F8,46,48,112,3,18.185,18.567,18.665,clear,19.50088889,49,19,G3,0.00154,0.001645444
1682i,1682,195,C,H,H,M,2020-01-08T00:00:00Z,7,2.715,NA,2,19,B4,21,24,51,11,18.954,18.567,18.185,clear_after_clahe,21.91977778,25,9,B1,0.00174,0.002126667
3663i,3663,273,H,C,C,F,2020-02-06T00:00:00Z,5,5.518,NA,2,9,H3,2,4,5,4,18.564,18.58,18.564,clear,21.13577778,5,1,F11,0.01,0.000988889
3899i,3899,351,C,C,C,F,2020-02-10T00:00:00Z,7,5.788,NA,1,13,G1,37,39,94,19,18.824,18.588,18.191,clear,21.47172222,40,16,B2,0.00138,0.001589667
249i,249,1,H,H,C,M,2019-12-27T00:00:00Z,1,3.324,NA,1,16,C4,31,34,77,12,18.532,18.589,18.369,clear,17.18766667,35,13,H7,0.000773333,0.001602333
2254i,2254,195,C,H,C,M,2020-01-20T00:00:00Z,7,3.484,NA,2,5,I2,38,39,96,15,18.639,18.595,18.163,clear,22.07211111,40,16,A1,0.001923,0.001589667
258i,258,30,H,C,H,M,2019-12-28T00:00:00Z,5,2.536,NA,1,17,C7,42,44,102,17,19.131,18.595,18.595,clear_after_clahe,22.80322222,45,17,C9,0.001293,0.003039778
3523i,3523,268,C,H,C,M,2020-02-04T00:00:00Z,3,3.44,NA,1,11,D4,37,39,93,10,19.635,18.602,18.66,clear,21.29533333,40,16,D3,0.001647,0.001589667
2751i,2751,294,H,C,H,M,2020-01-27T00:00:00Z,7,2.76,NA,0,3,B10,26,29,61,12,20.289,18.603,20.517,clear,21.05455556,30,11,A2,0.00188,0.003033333
1318i,1318,70,H,H,C,M,2020-01-04T00:00:00Z,5,2.871,NA,2,20,B5,46,48,110,6,19.14,18.604,17.178,clear_after_clahe,21.59911111,49,19,A7,0.001093,0.001645444
2582i,2582,276,H,C,H,F,2020-01-26T00:00:00Z,1,6.246,NA,1,5,F2,46,48,110,2,20.134,18.604,20.134,clear,21.59911111,49,19,G4,0.00926,0.001645444
1549i,1549,179,H,C,H,M,2020-01-07T00:00:00Z,1,3.079,NA,0,16,F7,22,24,54,15,19.123,18.605,19.123,clear_after_clahe,23.02177778,25,9,F2,0.00216,0.002126667
2819i,2819,299,H,C,H,F,2020-01-28T00:00:00Z,7,5.171,NA,2,3,E1,37,39,92,14,18.423,18.607,18.515,clear,21.82922222,40,16,C11,0.0032,0.001589667
2952i,2952,223,H,H,C,M,2020-01-29T00:00:00Z,1,4.239,NA,0,2,I8,36,39,85,5,18.617,18.617,18.894,clear,21.97466667,40,15,E12,0.00132,0.00307
2371i,2371,231,H,H,H,M,2020-01-21T00:00:00Z,5,3.27,NA,1,5,B7,36,39,85,12,18.859,18.617,18.656,clear,21.97466667,40,15,H12,0.0008,0.00307
1678i,1678,195,C,H,H,F,2020-01-08T00:00:00Z,3,5.626,NA,2,19,I2,6,9,13,14,17.287,18.62,18.101,clear,19.515,10,3,D2,0.002373,0.004886333
2288i,2288,221,H,H,H,F,2020-01-20T00:00:00Z,3,4.715,NA,2,8,A1,13,14,35,11,20.819,18.621,18.084,clear,22.43944444,15,6,E12,0.00352,0.003100333
2385i,2385,227,H,H,H,F,2020-01-21T00:00:00Z,7,4.587,NA,1,6,I2,32,34,82,8,17.66,18.634,18.413,clear,20.78366667,35,14,A5,0.0026,0.003578
3798i,3798,305,H,C,C,F,2020-02-08T00:00:00Z,5,5.755,NA,0,14,C5,46,48,109,5,18.636,18.636,18.636,clear,23.05611111,49,19,D9,0.00252,0.001645444
2841i,2841,306,H,C,H,F,2020-01-28T00:00:00Z,1,5.57,NA,2,6,D2,46,48,109,11,18.636,18.636,18.575,clear,23.05611111,49,19,G12,0.001433,0.001645444
3216i,3216,347,C,C,H,F,2020-02-01T00:00:00Z,1,5.998,NA,1,1,D3,47,48,115,2,19.104,18.636,19.104,clear,21.26333333,49,20,C7,0.005777,0.000611111
3281i,3281,354,C,C,H,M,2020-02-02T00:00:00Z,1,3.742,NA,2,4,F3,37,39,89,12,17.717,18.642,17.717,clear,22.67577778,40,15,C12,0.00294,0.00307
1392i,1392,119,C,H,H,M,2020-01-04T00:00:00Z,5,3.119,NA,2,18,E9,42,44,104,5,18.103,18.642,18.876,clear_after_clahe,24.43144444,45,18,E12,0.001533,0.001560222
1200i,1200,129,C,C,H,M,2020-01-03T00:00:00Z,3,2.85,NA,1,17,H8,16,19,41,10,18.191,18.648,18.191,clear,21.463,20,7,C10,0.000553333,0.002569889
3902i,3902,352,C,C,C,M,2020-02-10T00:00:00Z,3,3.149,NA,2,14,B2,27,29,69,12,17.658,18.651,17.658,clear,21.78322222,30,12,H2,0.00372,0.002409
3279i,3279,350,C,C,H,M,2020-02-02T00:00:00Z,3,2.809,NA,1,4,B6,23,24,59,6,16.786,18.656,18.656,clear_after_clahe,20.87455556,25,10,H4,0.001247,0.001974667
320i,320,24,H,H,H,M,2019-12-28T00:00:00Z,5,2.815,NA,0,17,A6,32,34,80,8,18.617,18.656,18.984,clear,18.80166667,35,14,D12,0.003407,0.003578
463i,463,16,H,H,C,F,2019-12-30T00:00:00Z,3,6.109,NA,1,17,B6,36,39,85,11,18.656,18.656,18.656,clear,21.97466667,40,15,E8,0.00736,0.00307
1954i,1954,138,C,H,C,M,2020-01-13T00:00:00Z,3,3.913,NA,2,18,G5,36,39,88,6,18.656,18.656,18.656,clear,21.30088889,40,15,D12,0.001107,0.00307
2480i,2480,239,C,H,H,M,2020-01-23T00:00:00Z,3,3.104,NA,2,5,C10,3,4,12,11,18.965,18.656,18.176,clear_after_clahe,21.25233333,5,2,C11,0.002033,0.002135667
2597i,2597,268,C,H,H,M,2020-01-26T00:00:00Z,7,2.371,NA,1,1,A1,6,9,16,6,19.62,18.656,19.617,clear_after_clahe,19.43422222,10,3,H9,0.001413,0.004886333
1548i,1548,179,H,C,H,F,2020-01-07T00:00:00Z,1,6.033,NA,0,16,F1,12,14,32,19,19.136,18.663,18.199,clear,20.423,15,6,G8,0.00542,0.003100333
1818i,1818,109,C,H,C,M,2020-01-10T00:00:00Z,5,3.153,NA,2,19,A3,27,29,66,11,18.664,18.664,18.388,clear,22.38366667,30,11,B2,0.00088,0.003033333
3022i,3022,231,H,H,C,F,2020-01-30T00:00:00Z,3,6.383,NA,1,1,D7,2,4,9,10,19.271,18.664,19.64,clear,22.61666667,5,2,F11,0.001473,0.002135667
3119i,3119,351,C,C,H,F,2020-01-31T00:00:00Z,1,5.354,NA,1,1,E3,46,48,112,1,17.739,18.665,18.665,clear,19.50088889,49,19,F9,0.003113,0.001645444
1625i,1625,79,H,C,C,M,2020-01-08T00:00:00Z,3,4.306,NA,0,19,F3,21,24,51,4,17.962,18.665,18.185,clear,21.91977778,25,9,D10,0.002213,0.002126667
1665i,1665,208,C,C,H,M,2020-01-08T00:00:00Z,5,3.331,NA,1,21,E3,38,39,95,17,18.185,18.665,18.899,clear,21.52322222,40,16,D4,0.001153,0.001589667
3309i,3309,252,C,H,C,M,2020-02-02T00:00:00Z,3,3.891,NA,2,3,I5,37,39,90,11,19.142,18.665,19.142,clear,22.22688889,40,15,E11,0.00262,0.00307
4105i,4105,369,C,C,H,M,2020-02-19T00:00:00Z,7,2.214,NA,1,15,F9,16,19,37,12,19.368,18.665,18.415,clear,22.125,20,7,E3,0.005373,0.002569889
2460i,2460,238,H,C,H,F,2020-01-23T00:00:00Z,7,5.316,NA,2,2,E9,32,34,78,15,18.658,18.666,19.126,clear,20.25488889,35,13,C4,0.002847,0.001602333
3416i,3416,284,C,H,C,M,2020-02-03T00:00:00Z,7,2.529,NA,1,12,C4,32,34,78,8,18.666,18.666,18.666,clear,20.25488889,35,13,E4,0.004353,0.001602333
2683i,2683,305,H,C,H,M,2020-01-27T00:00:00Z,1,3.388,NA,0,6,F5,27,29,68,16,18.668,18.668,19.145,clear,21.24133333,30,12,H5,0.00194,0.002409
236i,236,4,H,H,C,F,2019-12-27T00:00:00Z,5,4.875,NA,1,16,D2,1,4,4,1,18.668,18.668,18.668,clear,20.56577778,5,1,D12,0.01,0.000988889
1576i,1576,181,H,C,H,M,2020-01-07T00:00:00Z,7,2.907,NA,2,7,D1,37,39,93,2,18.21,18.675,18.442,clear,21.29533333,40,16,F2,0.001133,0.001589667
3156i,3156,231,H,H,C,M,2020-01-31T00:00:00Z,5,3.502,NA,1,4,D8,16,19,39,6,18.923,18.683,18.862,clear,18.962,20,7,C6,0.001567,0.002569889
3615i,3615,306,H,C,C,M,2020-02-05T00:00:00Z,1,3.147,NA,2,3,A10,33,34,84,14,17.768,18.691,18.691,clear,20.79366667,35,14,G9,0.002433,0.003578
1621i,1621,192,C,C,H,F,2020-01-07T00:00:00Z,5,5.235,NA,1,20,A2,33,34,84,11,18.646,18.691,18.997,clear,20.79366667,35,14,D10,0.00396,0.003578
3077i,3077,331,C,H,H,F,2020-01-31T00:00:00Z,3,5.103,NA,1,4,H2,33,34,84,10,18.691,18.691,18.906,clear,20.79366667,35,14,H8,0.00572,0.003578
3522i,3522,268,C,H,C,M,2020-02-04T00:00:00Z,1,4.007,NA,1,3,G1,27,29,68,3,18.469,18.695,18.145,clear,21.24133333,30,12,G5,0.00876,0.002409
1182i,1182,56,C,H,C,F,2020-01-03T00:00:00Z,3,6.361,NA,1,9,C6,16,19,39,1,18.683,18.702,18.672,clear,18.962,20,7,D3,0.007627,0.002569889
3298i,3298,227,H,H,C,F,2020-02-02T00:00:00Z,3,6.103,NA,1,4,B2,1,4,2,11,18.329,18.707,18.716,clear,20.84455556,5,1,E12,0.002607,0.000988889
3223i,3223,350,C,C,H,M,2020-02-01T00:00:00Z,1,3.414,NA,1,1,D1,36,39,89,11,18.642,18.73,18.119,clear,22.67577778,40,15,F10,0.003747,0.00307
3219i,3219,348,C,C,H,M,2020-02-01T00:00:00Z,5,2.674,NA,1,10,H10,21,24,49,14,18.118,18.742,18.617,clear,23.32666667,25,9,G5,0.003747,0.002126667
2408i,2408,228,H,H,H,F,2020-01-22T00:00:00Z,5,5.095,NA,0,5,G4,1,4,5,1,18.488,18.8,18.912,clear_after_clahe,21.13577778,5,1,D9,0.001433,0.000988889
3589i,3589,275,H,C,C,M,2020-02-05T00:00:00Z,3,3.876,NA,0,11,B4,6,9,14,12,19.381,18.845,18.088,clear,20.51455556,10,3,H1,0.001253,0.004886333
2242i,2242,179,H,C,C,F,2020-01-20T00:00:00Z,7,5.972,NA,0,5,I5,6,9,13,10,16.846,18.86,16.011,clear,19.515,10,3,C4,0.001873,0.004886333
2018i,2018,151,C,C,C,F,2020-01-14T00:00:00Z,3,5.98,NA,2,20,I7,26,29,62,16,19.106,18.862,18.405,clear,21.32666667,30,11,A5,0.0015,0.003033333
3967i,3967,347,C,C,C,M,2020-02-12T00:00:00Z,5,3.708,NA,1,13,G6,16,19,39,15,20.104,18.862,18.672,clear,18.962,20,7,G11,0.001647,0.002569889
2827i,2827,303,H,C,H,F,2020-01-28T00:00:00Z,7,5.147,NA,0,5,B6,36,39,89,15,18.119,18.876,18.642,clear,22.67577778,40,15,F7,0.006427,0.00307
3351i,3351,354,C,C,H,M,2020-02-03T00:00:00Z,5,2.265,NA,2,12,G9,2,4,9,11,16.957,18.88,18.296,clear_after_clahe,22.61666667,5,2,F9,0.001653,0.002135667
2343i,2343,208,C,C,C,F,2020-01-21T00:00:00Z,7,6.124,NA,1,5,E5,27,29,67,16,17.907,18.88,19.349,clear,21.08022222,30,12,C5,0.006547,0.002409
590i,590,70,H,H,H,M,2019-12-30T00:00:00Z,5,3.101,NA,2,19,C7,11,14,27,8,17.662,18.892,18.024,clear,20.41122222,15,5,A7,0.000533333,0.001357667
3885i,3885,348,C,C,C,F,2020-02-10T00:00:00Z,5,5.122,NA,1,13,C8,11,14,25,17,18.975,18.895,18.906,clear,22.87555556,15,5,C4,0.007893,0.001357667
3003i,3003,219,H,H,C,M,2020-01-30T00:00:00Z,3,3.291,NA,0,1,E1,31,34,75,6,18.688,18.911,18.688,clear,18.875,35,13,E7,0.002453,0.001602333
3267i,3267,323,C,H,H,F,2020-02-02T00:00:00Z,3,5.625,NA,2,4,F2,3,4,11,11,19.505,18.911,19.748,clear_after_clahe,16.72211111,5,2,H2,0.01,0.002135667
1713i,1713,56,C,H,C,M,2020-01-09T00:00:00Z,3,3.771,NA,1,7,B5,26,29,62,8,17.441,18.973,17.681,clear,21.32666667,30,11,B4,0.00226,0.003033333
3062i,3062,324,C,H,H,M,2020-01-31T00:00:00Z,3,2.927,NA,1,4,G8,36,39,88,3,18.474,18.984,18.414,clear_after_clahe,21.30088889,40,15,D11,0.0007,0.00307
2869i,2869,290,H,C,H,F,2020-01-28T00:00:00Z,7,4.915,NA,1,3,F1,12,14,32,14,19.623,18.991,21.356,clear,20.423,15,6,C6,0.005687,0.003100333
3658i,3658,271,H,C,C,M,2020-02-06T00:00:00Z,3,3.788,NA,2,10,D10,2,4,7,19,18.759,18.993,18.849,clear,21.20211111,5,2,D9,NA,0.002135667
3331i,3331,260,C,H,C,M,2020-02-02T00:00:00Z,7,3.249,NA,1,10,B7,17,19,43,3,18.462,18.994,18.462,clear,21.49611111,20,8,A7,0.003473,0.002566333
2708i,2708,317,C,H,H,M,2020-01-27T00:00:00Z,5,2.809,NA,1,1,G8,1,4,1,19,19.463,18.994,19.356,clear,21.41322222,5,1,A7,0.00294,0.000988889
2256i,2256,196,C,H,C,F,2020-01-20T00:00:00Z,7,5.99,NA,0,5,H5,8,9,24,8,18.488,19.016,19.528,clear,29.34333333,10,4,E2,0.000806667,0.001893333
1878i,1878,129,C,C,C,F,2020-01-11T00:00:00Z,3,5.446,NA,1,21,C9,1,4,3,6,19.02,19.02,18.975,clear_after_clahe,21.94944444,5,1,G5,0.00062,0.000988889
2275i,2275,210,C,C,C,M,2020-01-20T00:00:00Z,3,3.812,NA,1,8,B1,7,9,22,14,18.208,19.022,18.723,clear,22.11688889,10,4,H11,0.00162,0.001893333
2876i,2876,298,H,C,H,F,2020-01-28T00:00:00Z,7,4.765,NA,1,3,F2,28,29,72,11,20.364,19.031,20.124,clear,23.03055556,30,12,D3,0.006767,0.002409
2175i,2175,192,C,C,C,M,2020-01-18T00:00:00Z,1,4.128,NA,1,20,H9,42,44,105,12,19.082,19.037,18.589,clear,21.326,45,18,F1,0.001393,0.001560222
3824i,3824,331,C,H,C,M,2020-02-08T00:00:00Z,3,3.73,NA,1,9,I10,6,9,16,8,18.043,19.058,18.886,clear_after_clahe,19.43422222,10,3,E8,0.001393,0.004886333
1689i,1689,196,C,H,H,M,2020-01-08T00:00:00Z,5,3.257,NA,0,18,F9,36,39,85,8,19.058,19.058,18.859,clear,21.97466667,40,15,C1,0.00094,0.00307
3247i,3247,234,H,H,C,F,2020-02-01T00:00:00Z,5,5.406,NA,1,10,I7,32,34,80,11,19.117,19.058,19.968,clear,18.80166667,35,14,D4,0.006213,0.003578
2272i,2272,210,C,C,C,F,2020-01-20T00:00:00Z,5,6.135,NA,1,8,D4,2,4,7,11,19.126,19.067,19.626,clear,21.20211111,5,2,E9,0.004027,0.002135667
3205i,3205,344,C,C,H,M,2020-02-01T00:00:00Z,1,3.769,NA,2,1,C1,31,34,73,10,18.824,19.075,19.534,clear,19.00366667,35,13,D4,0.003147,0.001602333
196i,196,34,H,C,H,F,2019-12-27T00:00:00Z,5,4.883,NA,3,17,E4,1,4,5,19,19.116,19.076,19.116,clear,21.13577778,5,1,F5,0.003287,0.000988889
2464i,2464,238,H,C,H,M,2020-01-23T00:00:00Z,7,3.293,NA,2,2,E8,31,34,73,14,19.082,19.082,19.082,clear,19.00366667,35,13,G5,0.001167,0.001602333
839i,839,24,H,H,C,F,2020-01-01T00:00:00Z,5,4.946,NA,0,8,H2,32,34,77,15,19.082,19.082,18.928,clear,17.18766667,35,13,E2,0.01,0.001602333
3943i,3943,351,C,C,C,M,2020-02-11T00:00:00Z,3,4.118,NA,1,11,H9,31,34,77,2,19.082,19.082,18.141,clear,17.18766667,35,13,D9,0.002927,0.001602333
431i,431,10,H,H,C,M,2019-12-29T00:00:00Z,3,2.96,NA,1,16,I6,28,29,71,2,18.148,19.095,18.148,clear,21.18411111,30,12,D4,0.00138,0.002409
2795i,2795,318,C,H,H,F,2020-01-28T00:00:00Z,5,5.08,NA,1,1,A8,47,48,114,19,18.148,19.095,18.148,clear,21.34844444,49,19,F7,0.00386,0.001645444
418i,418,1,H,H,C,F,2019-12-29T00:00:00Z,3,5.292,NA,1,16,D8,46,48,111,8,19.095,19.095,19.594,clear,21.88055556,49,19,H5,0.006553,0.001645444
2375i,2375,228,H,H,H,M,2020-01-21T00:00:00Z,3,3.82,NA,0,7,E1,28,29,71,4,19.095,19.095,19.095,clear,21.18411111,30,12,G2,0.001067,0.002409
3781i,3781,319,C,H,C,F,2020-02-07T00:00:00Z,7,5.047,NA,0,12,A4,26,29,61,4,19.566,19.095,19.095,clear,21.05455556,30,11,C11,0.00426,0.003033333
3696i,3696,304,H,C,C,F,2020-02-06T00:00:00Z,1,6.835,NA,0,11,C6,13,14,35,3,18.949,19.097,19.935,clear,22.43944444,15,6,C8,0.01,0.003100333
515i,515,33,C,H,H,M,2019-12-30T00:00:00Z,7,2.311,NA,1,8,I1,12,14,32,1,19.859,19.097,19.859,clear_after_clahe,20.423,15,6,D1,0.000646667,0.003100333
2728i,2728,295,H,C,H,F,2020-01-27T00:00:00Z,3,4.809,NA,1,2,H8,6,9,15,10,19.037,19.1,20.88,clear,21.04077778,10,3,D6,0.002213,0.004886333
3349i,3349,358,C,C,H,M,2020-02-03T00:00:00Z,7,3.433,NA,0,12,H6,36,39,87,5,19.629,19.1,19.1,clear,23.29844444,40,15,D10,0.006147,0.00307
3801i,3801,303,H,C,C,F,2020-02-08T00:00:00Z,5,6.743,NA,0,14,C6,36,39,89,19,19.808,19.102,19.102,clear,22.67577778,40,15,C9,0.01,0.00307
1847i,1847,210,C,C,H,F,2020-01-10T00:00:00Z,5,5.257,NA,1,19,A9,47,48,115,19,19.609,19.104,19.609,clear,21.26333333,49,20,C12,0.00285,0.000611111
189i,189,3,H,H,C,M,2019-12-26T00:00:00Z,3,4.265,NA,1,18,C7,16,19,39,19,18.923,19.106,19.632,clear,18.962,20,7,C7,0.002827,0.002569889
2799i,2799,318,C,H,H,M,2020-01-28T00:00:00Z,7,2.585,NA,1,3,C9,22,24,57,1,18.168,19.112,19.116,clear,23.50977778,25,10,A1,0.002007,0.001974667
3347i,3347,358,C,C,H,M,2020-02-03T00:00:00Z,3,3.52,NA,0,4,A2,12,14,34,8,18.86,19.116,19.46,clear_after_clahe,20.47455556,15,6,C9,0.02,0.003100333
3785i,3785,322,C,C,C,F,2020-02-07T00:00:00Z,7,5.413,NA,1,12,A5,21,24,49,1,19.355,19.117,19.87,clear,23.32666667,25,9,B4,0.009093,0.002126667
2470i,2470,234,H,H,H,F,2020-01-23T00:00:00Z,1,5.812,NA,1,7,F6,16,19,40,6,17.926,19.119,19.104,clear,19.17588889,20,7,G10,0.004447,0.002569889
3714i,3714,311,C,H,C,M,2020-02-06T00:00:00Z,5,3.226,NA,2,9,I1,33,34,82,11,18.185,19.121,19.121,clear,20.78366667,35,14,E7,0.001727,0.003578
2496i,2496,253,C,H,H,M,2020-01-24T00:00:00Z,1,3.601,NA,1,8,C8,22,24,54,4,19.123,19.123,20.12,clear,23.02177778,25,9,H10,0.002067,0.002126667
3478i,3478,275,H,C,C,F,2020-02-04T00:00:00Z,1,6.129,NA,0,3,H7,6,9,17,14,18.642,19.129,19.72,clear,23.17555556,10,3,A3,0.003533,0.004886333
3831i,3831,331,C,H,C,F,2020-02-09T00:00:00Z,1,5.949,NA,1,12,D2,36,39,86,19,18.668,19.129,18.906,clear,22.67322222,40,15,D1,0.02,0.00307
4034i,4034,360,C,C,C,M,2020-02-14T00:00:00Z,1,4.256,NA,1,13,D2,32,34,82,10,20.099,19.129,20.08,clear,20.78366667,35,14,C4,0.00314,0.003578
3872i,3872,306,H,C,C,F,2020-02-10T00:00:00Z,7,6.233,NA,2,13,F2,37,39,91,1,18.955,19.131,19.131,clear,21.53,40,16,H5,0.004673,0.001589667
884i,884,58,C,H,C,F,2020-01-01T00:00:00Z,3,2.829,NA,2,20,E2,41,44,101,3,19.131,19.131,19.604,clear,22.381,45,17,E1,0.001287,0.003039778
2211i,2211,196,C,H,C,M,2020-01-19T00:00:00Z,5,3.127,NA,0,7,G8,38,39,96,10,19.131,19.131,19.131,clear,22.07211111,40,16,E9,0.001533,0.001589667
2811i,2811,271,H,C,H,M,2020-01-28T00:00:00Z,1,3.172,NA,2,6,C5,42,44,101,2,19.131,19.131,19.131,clear,22.381,45,17,C4,0.000706667,0.003039778
3492i,3492,284,C,H,C,F,2020-02-04T00:00:00Z,5,5.67,NA,1,10,C5,46,48,113,8,19.339,19.131,19.091,clear,21.324,49,19,D4,0.00248,0.001645444
1574i,1574,181,H,C,H,M,2020-01-07T00:00:00Z,3,3.754,NA,2,9,B5,28,29,72,12,19.604,19.131,19.131,clear,23.03055556,30,12,B5,0.0008,0.002409
894i,894,54,H,H,C,F,2020-01-01T00:00:00Z,7,5.414,NA,1,18,B1,46,48,113,12,19.632,19.131,19.884,clear,21.324,49,19,D2,0.0011,0.001645444
3888i,3888,348,C,C,C,M,2020-02-10T00:00:00Z,3,3.915,NA,1,14,C2,22,24,55,5,20.6,19.131,19.131,clear,23.49033333,25,10,E10,0.001193,0.001974667
3386i,3386,253,C,H,C,M,2020-02-03T00:00:00Z,7,3.3,NA,1,12,C5,27,29,66,8,18.643,19.132,18.664,clear,22.38366667,30,11,F9,0.00074,0.003033333
2726i,2726,299,H,C,H,M,2020-01-27T00:00:00Z,7,2.418,NA,2,3,B5,3,4,10,8,20.359,19.133,19.831,clear_after_clahe,22.52377778,5,2,C12,0.001253,0.002135667
1911i,1911,106,H,C,C,F,2020-01-12T00:00:00Z,5,3.858,NA,2,21,A1,3,4,11,14,19.151,19.136,19.156,clear,16.72211111,5,2,G7,0.02,0.002135667
3033i,3033,228,H,H,C,F,2020-01-30T00:00:00Z,7,5.604,NA,0,10,H1,38,39,94,3,19.305,19.14,19.217,clear,21.47172222,40,16,B8,0.009453,0.001589667
856i,856,35,H,C,C,F,2020-01-01T00:00:00Z,5,5.733,NA,3,9,D5,36,39,87,6,19.553,19.14,19.1,clear,23.29844444,40,15,A9,0.002787,0.00307
2793i,2793,317,C,H,H,M,2020-01-28T00:00:00Z,3,3.575,NA,1,2,A7,21,24,51,19,19.587,19.142,19.626,clear,21.91977778,25,9,H9,0.000773333,0.002126667
3525i,3525,268,C,H,C,M,2020-02-04T00:00:00Z,7,3.305,NA,1,9,G5,46,48,112,5,19.626,19.142,19.368,clear,19.50088889,49,19,C12,0.00148,0.001645444
2666i,2666,276,H,C,H,F,2020-01-27T00:00:00Z,7,4.792,NA,1,3,D4,37,39,90,19,19.634,19.142,19.02,clear,22.22688889,40,15,A4,0.00058,0.00307
2591i,2591,275,H,C,H,M,2020-01-26T00:00:00Z,3,3.212,NA,0,6,A10,12,14,32,15,18.663,19.143,19.143,clear,20.423,15,6,F3,0.00182,0.003100333
2866i,2866,289,H,C,H,M,2020-01-28T00:00:00Z,1,4.708,NA,1,6,D9,32,34,81,16,20.114,19.143,19.143,clear,20.682,35,14,H7,0.001573,0.003578
352i,352,5,H,H,C,M,2019-12-28T00:00:00Z,7,3.136,NA,2,19,D3,13,14,34,10,18.148,19.144,19.528,clear,20.47455556,15,6,B6,0.002567,0.003100333
87i,87,16,H,H,H,M,2019-12-22T00:00:00Z,7,2.026,NA,1,18,C9,21,24,53,8,19.384,19.144,19.897,clear,21.75544444,25,9,E10,0.001193,0.002126667
3780i,3780,319,C,H,C,F,2020-02-07T00:00:00Z,5,5.073,NA,0,14,G9,37,39,92,15,19.616,19.144,19.644,clear,21.82922222,40,16,G10,0.001233,0.001589667
2501i,2501,260,C,H,H,M,2020-01-24T00:00:00Z,1,2.48,NA,1,8,D5,6,9,16,14,19.968,19.144,20.811,clear,19.43422222,10,3,D1,0.000793333,0.004886333
2835i,2835,304,H,C,H,M,2020-01-28T00:00:00Z,5,3.095,NA,0,1,B6,1,4,4,15,18.668,19.145,19.129,clear,20.56577778,5,1,F4,0.00104,0.000988889
2478i,2478,239,C,H,H,F,2020-01-23T00:00:00Z,7,5.365,NA,2,2,E6,36,39,86,15,19.129,19.145,19.629,clear,22.67322222,40,15,E10,0.002687,0.00307
2976i,2976,322,C,C,H,F,2020-01-30T00:00:00Z,3,5.061,NA,1,1,C4,1,4,4,19,19.637,19.145,19.637,clear,20.56577778,5,1,B4,0.001973,0.000988889
3276i,3276,347,C,C,H,M,2020-02-02T00:00:00Z,5,2.468,NA,1,11,F2,3,4,11,3,20.134,19.151,20.371,clear_after_clahe,16.72211111,5,2,G2,0.000813333,0.002135667
347i,347,10,H,H,C,M,2019-12-28T00:00:00Z,1,3.333,NA,1,18,C6,26,29,62,14,19.152,19.152,19.632,clear,21.32666667,30,11,H1,0.00208,0.003033333
2086i,2086,151,C,C,C,M,2020-01-15T00:00:00Z,7,3.544,NA,2,8,G2,26,29,65,12,19.152,19.152,19.358,clear,23.90366667,30,11,H12,0.0006,0.003033333
2916i,2916,319,C,H,H,M,2020-01-29T00:00:00Z,5,2.391,NA,0,4,I8,26,29,65,1,19.152,19.152,18.586,clear,23.90366667,30,11,F8,0.00078,0.003033333
1043i,1043,50,H,C,C,M,2020-01-02T00:00:00Z,7,3.251,NA,2,18,F5,6,9,15,12,20.097,19.152,20.055,clear_after_clahe,21.04077778,10,3,A5,0.002133,0.004886333
2899i,2899,313,C,H,H,F,2020-01-29T00:00:00Z,5,4.135,NA,2,3,F8,2,4,8,3,20.104,19.152,20.123,clear,22.69533333,5,2,A7,0.001127,0.002135667
2283i,2283,223,H,H,H,F,2020-01-20T00:00:00Z,5,4.917,NA,0,8,B8,33,34,83,14,19.639,19.159,19.639,clear,20.79366667,35,14,B7,0.00358,0.003578
540i,540,79,H,C,H,M,2019-12-30T00:00:00Z,3,3.467,NA,0,17,B7,12,14,31,8,19.442,19.175,19.442,clear,22.05633333,15,6,C11,0.0006,0.003100333
2435i,2435,235,H,H,H,M,2020-01-22T00:00:00Z,3,2.902,NA,0,8,D7,8,9,23,1,21.203,19.184,20.079,clear_after_clahe,27.38455556,10,4,G10,0.00192,0.001893333
4219i,4219,369,C,C,C,M,2020-02-27T00:00:00Z,3,3.825,NA,1,13,E3,1,4,2,15,19.187,19.187,19.187,clear,20.84455556,5,1,G6,0.00096,0.000988889
4045i,4045,365,C,C,C,F,2020-02-14T00:00:00Z,5,7.082,NA,0,15,D1,1,4,2,17,19.623,19.187,19.421,clear,20.84455556,5,1,E4,0.001313,0.000988889
1503i,1503,191,C,C,H,F,2020-01-06T00:00:00Z,5,5.213,NA,1,19,I7,23,24,59,3,18.617,19.199,19.39,clear,20.87455556,25,10,D8,0.003593,0.001974667
2812i,2812,271,H,C,H,M,2020-01-28T00:00:00Z,3,3.19,NA,2,2,A9,12,14,31,17,18.684,19.21,19.814,clear,22.05633333,15,6,C5,0.000446667,0.003100333
2907i,2907,315,C,H,H,F,2020-01-29T00:00:00Z,7,4.484,NA,2,4,I4,17,19,42,1,21.007,19.232,21.007,clear_after_clahe,21.98511111,20,7,A7,0.006893,0.002569889
3701i,3701,305,H,C,C,M,2020-02-06T00:00:00Z,1,3.477,NA,0,11,C4,2,4,9,19,18.856,19.25,18.656,clear,22.61666667,5,2,G4,0.002373,0.002135667
2980i,2980,342,C,C,H,M,2020-01-30T00:00:00Z,1,3.663,NA,0,2,A1,3,4,11,19,20.134,19.268,19.863,clear_after_clahe,16.72211111,5,2,F4,0.001413,0.002135667
3732i,3732,317,C,H,C,M,2020-02-06T00:00:00Z,7,3.496,NA,1,14,D4,21,24,49,3,20.733,19.269,20.6,clear,23.32666667,25,9,F9,0.00098,0.002126667
2322i,2322,219,H,H,H,M,2020-01-20T00:00:00Z,1,3.706,NA,0,16,A5,3,4,11,8,18.936,19.309,19.283,clear_after_clahe,16.72211111,5,2,B9,0.001253,0.002135667
1196i,1196,129,C,C,H,F,2020-01-03T00:00:00Z,3,5.127,NA,1,18,A1,11,14,25,12,19.629,19.309,19.629,clear,22.87555556,15,5,E12,0.00334,0.001357667
2829i,2829,303,H,C,H,M,2020-01-28T00:00:00Z,3,3.006,NA,0,2,B1,47,48,114,15,19.506,19.33,19.43,clear,21.34844444,49,19,G6,0.00398,0.001645444
2709i,2709,317,C,H,H,M,2020-01-27T00:00:00Z,7,2.858,NA,1,3,B3,12,14,33,11,19.131,19.339,19.265,clear,23.28877778,15,6,F6,0.001007,0.003100333
648i,648,16,H,H,C,F,2019-12-31T00:00:00Z,7,5.837,NA,1,7,D8,37,39,91,16,20.076,19.339,19.82,clear,21.53,40,16,E1,0.02,0.001589667
2905i,2905,314,C,H,H,M,2020-01-29T00:00:00Z,1,3.538,NA,1,2,I3,27,29,70,12,19.581,19.34,19.581,clear,22.24755556,30,12,F8,0.000786667,0.002409
2711i,2711,322,C,C,H,M,2020-01-27T00:00:00Z,3,3.326,NA,1,2,G9,17,19,42,2,17.643,19.344,20.475,clear_after_clahe,21.98511111,20,7,F2,0.00656,0.002569889
214i,214,33,C,H,H,F,2019-12-27T00:00:00Z,1,5.23,NA,1,16,C9,16,19,41,12,20.134,19.349,19.613,clear,21.463,20,7,A1,0.000896667,0.002569889
3695i,3695,303,H,C,C,M,2020-02-06T00:00:00Z,7,3.326,NA,0,14,E6,8,9,24,4,19.128,19.364,19.716,clear,29.34333333,10,4,H12,0.001707,0.001893333
1668i,1668,179,H,C,H,F,2020-01-08T00:00:00Z,3,5.307,NA,0,20,B2,11,14,28,5,19.62,19.367,19.091,clear,20.87955556,15,5,B9,0.001233,0.001357667
3903i,3903,352,C,C,C,M,2020-02-10T00:00:00Z,5,3.136,NA,2,13,B7,27,29,68,17,18.668,19.371,19.156,clear,21.24133333,30,12,C4,0.0012,0.002409
2194i,2194,182,C,H,C,M,2020-01-18T00:00:00Z,1,4.19,NA,1,20,H8,36,39,86,14,19.59,19.371,19.371,clear,22.67322222,40,15,C5,0.0013,0.00307
2825i,2825,303,H,C,H,F,2020-01-28T00:00:00Z,3,6.028,NA,0,2,A10,32,34,79,17,19.623,19.372,19.143,clear,20.32988889,35,14,E1,0.007353,0.003578
919i,919,58,C,H,H,F,2020-01-01T00:00:00Z,7,5.62,NA,2,19,E9,26,29,62,11,19.381,19.373,18.862,clear,21.32666667,30,11,G12,0.00684,0.003033333
1602i,1602,193,C,C,H,M,2020-01-07T00:00:00Z,1,6.244,NA,0,19,G3,33,34,84,19,19.726,19.375,19.973,clear,20.79366667,35,14,G5,0.007287,0.003578
1591i,1591,187,C,C,H,M,2020-01-07T00:00:00Z,3,3.546,NA,0,9,B6,11,14,26,10,20.657,19.38,20.065,clear,21.64188889,15,5,G10,0.001233,0.001357667
3711i,3711,308,H,C,C,F,2020-02-06T00:00:00Z,5,5.07,NA,1,9,H10,27,29,67,12,18.512,19.381,18.291,clear,21.08022222,30,12,D9,0.008487,0.002409
908i,908,65,H,H,C,F,2020-01-01T00:00:00Z,1,5.328,NA,2,18,B6,36,39,87,12,20.134,19.381,20.374,clear,23.29844444,40,15,B3,0.00076,0.00307
3929i,3929,344,C,C,C,M,2020-02-11T00:00:00Z,7,3.649,NA,2,13,I5,21,24,53,2,21.944,19.384,20.137,clear_after_clahe,21.75544444,25,9,H4,0.003613,0.002126667
2924i,2924,290,H,C,H,M,2020-01-29T00:00:00Z,7,3.036,NA,1,4,I6,6,9,16,16,18.859,19.406,20.089,clear,19.43422222,10,3,E2,0.000933333,0.004886333
1921i,1921,123,C,C,C,M,2020-01-12T00:00:00Z,7,3.357,NA,0,20,I1,46,48,111,1,19.986,19.43,19.582,clear,21.88055556,49,19,B5,0.001073,0.001645444
3976i,3976,357,C,C,C,M,2020-02-12T00:00:00Z,5,3.83,NA,1,13,G8,12,14,31,14,19.64,19.442,19.442,clear,22.05633333,15,6,A1,0.001327,0.003100333
3524i,3524,268,C,H,C,M,2020-02-04T00:00:00Z,5,3.309,NA,1,10,D3,11,14,29,2,19.88,19.45,19.142,clear_after_clahe,21.23988889,15,5,C8,0.001833,0.001357667
4012i,4012,307,H,C,C,M,2020-02-14T00:00:00Z,5,3.294,NA,2,15,D4,1,4,1,6,19.479,19.463,19.479,clear_after_clahe,21.41322222,5,1,C3,0.0008,0.000988889
2253i,2253,195,C,H,C,M,2020-01-20T00:00:00Z,1,4.15,NA,2,16,A6,12,14,32,4,19.646,19.467,19.642,clear,20.423,15,6,B1,0.0096,0.003100333
1603i,1603,193,C,C,H,M,2020-01-07T00:00:00Z,3,3.665,NA,0,9,B4,12,14,32,8,19.954,19.471,19.623,clear,20.423,15,6,F1,0.003107,0.003100333
2775i,2775,311,C,H,H,M,2020-01-28T00:00:00Z,1,3.295,NA,2,6,B10,38,39,95,16,19.142,19.475,18.899,clear,21.52322222,40,16,F1,0.00414,0.001589667
2154i,2154,179,H,C,C,M,2020-01-17T00:00:00Z,7,2.95,NA,0,7,G6,1,4,1,2,19.463,19.479,19.463,clear,21.41322222,5,1,H8,0.00106,0.000988889
522i,522,54,H,H,H,F,2019-12-30T00:00:00Z,7,5.044,NA,1,9,D2,17,19,43,17,20.231,19.479,19.463,clear,21.49611111,20,8,C12,0.00492,0.002566333
1919i,1919,123,C,C,C,F,2020-01-12T00:00:00Z,3,6.09,NA,0,18,I5,17,19,42,11,19.527,19.48,19.725,clear,21.98511111,20,7,H5,0.008307,0.002569889
1540i,1540,92,H,C,C,M,2020-01-07T00:00:00Z,3,3.382,NA,1,20,A6,46,48,109,1,19.568,19.506,19.059,clear,23.05611111,49,19,C8,0.0027,0.001645444
3974i,3974,354,C,C,C,M,2020-02-12T00:00:00Z,7,3.219,NA,2,15,E1,16,19,39,8,20.123,19.521,20.123,clear,18.962,20,7,H7,0.001047,0.002569889
1830i,1830,79,H,C,C,F,2020-01-10T00:00:00Z,5,5.764,NA,0,18,I8,17,19,42,14,18.296,19.527,19.201,clear,21.98511111,20,7,B7,0.008927,0.002569889
316i,316,39,H,H,H,M,2019-12-28T00:00:00Z,3,3.298,NA,2,21,B7,27,29,66,4,19.428,19.535,20.236,clear,22.38366667,30,11,A1,0.00173,0.003033333
2176i,2176,192,C,C,C,M,2020-01-18T00:00:00Z,3,3.3,NA,1,15,I2,11,14,29,5,19.634,19.536,18.765,clear,21.23988889,15,5,F8,0.001113,0.001357667
3333i,3333,262,C,H,C,M,2020-02-02T00:00:00Z,3,3.219,NA,0,3,I10,2,4,7,16,19.895,19.536,20.055,clear,21.20211111,5,2,E4,0.000973333,0.002135667
2520i,2520,238,H,C,H,F,2020-01-24T00:00:00Z,5,5.52,NA,2,6,A5,11,14,28,1,19.884,19.544,19.131,clear,20.87955556,15,5,D4,0.001307,0.001357667
2719i,2719,308,H,C,H,F,2020-01-27T00:00:00Z,3,5.034,NA,1,2,I1,6,9,13,3,19.991,19.549,20.477,clear_after_clahe,19.515,10,3,H12,0.01,0.004886333
3944i,3944,351,C,C,C,M,2020-02-11T00:00:00Z,5,3.276,NA,1,14,A6,41,44,100,2,19.385,19.553,19.377,clear,24.20644444,45,17,B8,0.001253,0.003039778
3217i,3217,348,C,C,H,F,2020-02-01T00:00:00Z,3,4.547,NA,1,4,D4,6,9,14,1,19.251,19.554,19.554,clear,20.51455556,10,3,F11,0.006693,0.004886333
2605i,2605,297,H,C,H,M,2020-01-26T00:00:00Z,5,2.815,NA,1,2,C1,16,19,39,2,19.139,19.563,19.144,clear,18.962,20,7,E10,0.00284,0.002569889
3970i,3970,350,C,C,C,M,2020-02-12T00:00:00Z,5,3.092,NA,1,13,F6,46,48,109,12,20.031,19.568,19.609,clear,23.05611111,49,19,C4,0.001333,0.001645444
433i,433,2,H,H,C,M,2019-12-29T00:00:00Z,3,3.191,NA,0,8,I6,32,34,78,10,18.658,19.572,19.107,clear,20.25488889,35,13,C8,0.001273,0.001602333
3842i,3842,323,C,H,C,M,2020-02-09T00:00:00Z,1,3.845,NA,2,12,E7,3,4,12,2,19.117,19.578,18.176,clear_after_clahe,21.25233333,5,2,A5,0.001853,0.002135667
3007i,3007,222,H,H,C,F,2020-01-30T00:00:00Z,7,4.907,NA,2,10,G6,23,24,59,14,20.358,19.578,19.578,clear,20.87455556,25,10,D9,0.01,0.001974667
3803i,3803,310,C,H,C,F,2020-02-08T00:00:00Z,3,6.051,NA,2,9,I7,37,39,90,16,19.142,19.587,20.098,clear,22.22688889,40,15,D3,0.0039,0.00307
2415i,2415,230,H,H,H,F,2020-01-22T00:00:00Z,1,4.853,NA,2,7,I2,32,34,81,14,18.591,19.596,18.663,clear,20.682,35,14,C6,0.003133,0.003578
3102i,3102,352,C,C,H,M,2020-01-31T00:00:00Z,1,3.333,NA,2,1,F3,46,48,113,4,18.921,19.604,19.131,clear,21.324,49,19,F8,0.002353,0.001645444
2762i,2762,284,C,H,H,F,2020-01-28T00:00:00Z,7,4.794,NA,1,3,C2,38,39,96,1,19.131,19.604,19.131,clear,22.07211111,40,16,A3,0.001743,0.001589667
3026i,3026,231,H,H,C,M,2020-01-30T00:00:00Z,7,3.522,NA,1,10,G10,37,39,91,8,19.371,19.604,19.295,clear,21.53,40,16,H11,0.001393,0.001589667
542i,542,79,H,C,H,M,2019-12-30T00:00:00Z,7,2.546,NA,0,9,D6,12,14,34,19,19.982,19.604,20.294,clear,20.47455556,15,6,H4,0.002347,0.003100333
1560i,1560,182,C,H,H,F,2020-01-07T00:00:00Z,1,6.458,NA,1,20,C7,17,19,42,4,18.964,19.605,19.43,clear,21.98511111,20,7,B5,0.002067,0.002569889
3999i,3999,358,C,C,C,M,2020-02-13T00:00:00Z,1,3.736,NA,0,11,H6,3,4,12,17,19.632,19.605,19.128,clear,21.25233333,5,2,F3,0.003953,0.002135667
3692i,3692,303,H,C,C,F,2020-02-06T00:00:00Z,7,6.67,NA,0,14,E5,2,4,10,1,21.092,19.608,20.34,clear,22.52377778,5,2,H11,0.006653,0.002135667
259i,259,30,H,C,H,M,2019-12-28T00:00:00Z,7,2.344,NA,1,19,D7,46,48,109,3,18.616,19.609,19.609,clear,23.05611111,49,19,G10,0.001493,0.001645444
3483i,3483,276,H,C,C,M,2020-02-04T00:00:00Z,7,2.849,NA,1,9,F8,47,48,115,3,19.104,19.609,20.109,clear,21.26333333,49,20,B1,0.00145,0.000611111
2592i,2592,275,H,C,H,M,2020-01-26T00:00:00Z,5,3.061,NA,0,2,B9,28,29,72,19,19.131,19.612,19.468,clear,23.03055556,30,12,D12,0.000866667,0.002409
3994i,3994,356,C,C,C,M,2020-02-13T00:00:00Z,1,4.112,NA,2,11,I3,16,19,40,16,20.389,19.616,19.897,clear,19.17588889,20,7,A8,0.006793,0.002569889
3189i,3189,323,C,H,H,M,2020-02-01T00:00:00Z,5,2.913,NA,2,10,H6,11,14,28,11,20.356,19.62,20.364,clear,20.87955556,15,5,H4,0.000726667,0.001357667
3761i,3761,307,H,C,C,F,2020-02-07T00:00:00Z,5,6.535,NA,2,14,H6,12,14,33,19,20.629,19.62,20.008,clear,23.28877778,15,6,H3,0.02,0.003100333
3256i,3256,250,H,H,C,F,2020-02-01T00:00:00Z,5,5.946,NA,2,10,I9,2,4,6,10,20.055,19.621,19.86,clear,21.55977778,5,1,C1,0.004107,0.000988889
186i,186,24,H,H,H,F,2019-12-26T00:00:00Z,5,4.641,NA,0,17,G5,32,34,81,17,18.199,19.623,19.372,clear,20.682,35,14,G2,0.00192,0.003578
307i,307,50,H,C,H,F,2019-12-28T00:00:00Z,7,4.955,NA,2,19,D9,11,14,26,3,18.617,19.623,18.637,clear,21.64188889,15,5,H10,0.0032,0.001357667
2372i,2372,231,H,H,H,M,2020-01-21T00:00:00Z,7,3.268,NA,1,6,I7,3,4,12,14,18.526,19.624,16.107,clear,21.25233333,5,2,D8,0.002113,0.002135667
3138i,3138,219,H,H,C,F,2020-01-31T00:00:00Z,5,6.242,NA,0,4,D1,2,4,9,4,19.036,19.624,19.271,clear,22.61666667,5,2,A3,0.003173,0.002135667
1225i,1225,123,C,C,H,M,2020-01-03T00:00:00Z,5,2.767,NA,0,16,F6,8,9,24,15,19.116,19.624,17.676,clear_after_clahe,29.34333333,10,4,E5,0.000586667,0.001893333
1197i,1197,129,C,C,H,F,2020-01-03T00:00:00Z,5,5.183,NA,1,19,G2,36,39,88,11,19.624,19.624,19.859,clear,21.30088889,40,15,E9,0.00364,0.00307
1963i,1963,123,C,C,C,F,2020-01-13T00:00:00Z,7,6.072,NA,0,8,E10,36,39,88,10,19.624,19.624,19.617,clear,21.30088889,40,15,G7,0.00228,0.00307
2729i,2729,295,H,C,H,F,2020-01-27T00:00:00Z,5,4.949,NA,1,1,H2,21,24,50,4,19.362,19.625,19.584,clear,23.04711111,25,9,H12,0.00734,0.002126667
3506i,3506,297,H,C,C,M,2020-02-04T00:00:00Z,5,3.179,NA,1,10,C7,21,24,50,15,21.16,19.625,20.902,clear,23.04711111,25,9,A4,0.00238,0.002126667
2140i,2140,191,C,C,C,F,2020-01-17T00:00:00Z,5,6.818,NA,1,8,F1,2,4,6,3,19.587,19.626,20.126,clear,21.55977778,5,1,D10,0.01,0.000988889
1859i,1859,119,C,H,C,M,2020-01-11T00:00:00Z,3,3.771,NA,2,21,D1,2,4,7,12,19.634,19.626,19.626,clear,21.20211111,5,2,B4,0.000606667,0.002135667
3605i,3605,294,H,C,C,F,2020-02-05T00:00:00Z,5,5.675,NA,0,12,C2,37,39,90,3,20.434,19.626,19.626,clear,22.22688889,40,15,G4,0.002147,0.00307
3289i,3289,357,C,C,H,F,2020-02-02T00:00:00Z,7,4.866,NA,1,10,B2,21,24,51,8,20.587,19.626,20.098,clear,21.91977778,25,9,E7,0.00118,0.002126667
3227i,3227,351,C,C,H,F,2020-02-01T00:00:00Z,5,4.819,NA,1,10,I2,46,48,110,14,17.471,19.629,18.588,clear,21.59911111,49,19,F11,0.00316,0.001645444
2973i,2973,324,C,H,H,M,2020-01-30T00:00:00Z,1,3.689,NA,1,1,I9,26,29,63,17,20.633,19.629,20.863,clear_after_clahe,20.80288889,30,11,D2,0.00094,0.003033333
2931i,2931,304,H,C,H,F,2020-01-29T00:00:00Z,5,5.152,NA,0,5,A4,37,39,92,5,19.144,19.632,19.144,clear,21.82922222,40,16,H6,0.001333,0.001589667
2906i,2906,314,C,H,H,M,2020-01-29T00:00:00Z,7,2.222,NA,1,4,I3,12,14,33,3,20.124,19.632,19.62,clear,23.28877778,15,6,H7,0.002607,0.003100333
485i,485,34,H,C,C,F,2019-12-30T00:00:00Z,3,3.153,NA,3,17,C4,37,39,90,10,19.142,19.634,19.634,clear,22.22688889,40,15,G10,0.0017,0.00307
2411i,2411,233,H,H,H,M,2020-01-22T00:00:00Z,3,3.297,NA,1,8,C7,2,4,6,4,19.634,19.634,19.634,clear_after_clahe,21.55977778,5,1,A2,0.00322,0.000988889
2474i,2474,234,H,H,H,M,2020-01-23T00:00:00Z,7,2.419,NA,1,2,E7,46,48,112,15,19.634,19.634,19.626,clear,19.50088889,49,19,E6,0.0024,0.001645444
306i,306,50,H,C,H,F,2019-12-28T00:00:00Z,5,5.162,NA,2,17,D2,46,48,112,10,19.873,19.634,19.634,clear,19.50088889,49,19,E8,0.002813,0.001645444
2646i,2646,271,H,C,H,F,2020-01-27T00:00:00Z,5,5.337,NA,2,1,H5,38,39,95,3,19.88,19.634,19.634,clear,21.52322222,40,16,G12,0.002033,0.001589667
4301i,4301,383,C,C,C,M,2020-02-29T00:00:00Z,5,3.768,NA,1,15,A8,46,48,112,6,20.368,19.634,19.868,clear,19.50088889,49,19,E5,0.001033,0.001645444
3263i,3263,238,H,C,C,F,2020-02-01T00:00:00Z,1,6.492,NA,2,1,C9,11,14,27,1,20.653,19.634,19.634,clear,20.41122222,15,5,G7,0.00526,0.001357667
4025i,4025,358,C,C,C,F,2020-02-14T00:00:00Z,5,6.017,NA,0,15,C2,16,19,37,6,20.891,19.634,20.63,clear,22.125,20,7,C12,0.000933333,0.002569889
3537i,3537,289,H,C,C,M,2020-02-04T00:00:00Z,1,3.768,NA,1,3,G5,1,4,4,11,19.762,19.637,19.637,clear,20.56577778,5,1,C9,0.000333333,0.000988889
2321i,2321,219,H,H,H,F,2020-01-20T00:00:00Z,7,5.412,NA,0,5,G2,27,29,68,2,20.633,19.637,20.613,clear,21.24133333,30,12,F2,0.004727,0.002409
3368i,3368,365,C,C,H,F,2020-02-03T00:00:00Z,7,5.387,NA,0,12,B7,16,19,38,10,17.669,19.638,18.638,clear,22.34855556,20,7,F12,0.001227,0.002569889
678i,678,58,C,H,C,M,2019-12-31T00:00:00Z,3,3.003,NA,2,16,G8,27,29,66,10,19.638,19.638,19.313,clear,22.38366667,30,11,E6,0.00182,0.003033333
3067i,3067,327,C,H,H,M,2020-01-31T00:00:00Z,3,2.211,NA,0,4,G9,16,19,38,19,20.648,19.638,19.638,clear_after_clahe,22.34855556,20,7,E5,0.001687,0.002569889
3155i,3155,231,H,H,C,M,2020-01-31T00:00:00Z,3,4.566,NA,1,4,D2,33,34,84,3,19.092,19.639,19.092,clear,20.79366667,35,14,E10,0.002593,0.003578
2345i,2345,211,C,C,C,F,2020-01-21T00:00:00Z,7,6,NA,1,5,F1,16,19,41,19,19.14,19.641,19.14,clear,21.463,20,7,D10,0.000766667,0.002569889
3915i,3915,342,C,C,C,F,2020-02-11T00:00:00Z,7,4.18,NA,0,13,I3,17,19,42,15,19.037,19.706,19.772,clear,21.98511111,20,7,G12,0.004393,0.002569889
497i,497,33,C,H,C,M,2019-12-30T00:00:00Z,1,3.531,NA,1,21,B9,1,4,1,10,19.98,19.71,19.932,clear_after_clahe,21.41322222,5,1,E5,0.0012,0.000988889
4044i,4044,365,C,C,C,F,2020-02-14T00:00:00Z,3,7.245,NA,0,13,H6,22,24,57,10,20.88,19.716,20.86,clear,23.50977778,25,10,D5,0.007087,0.001974667
2656i,2656,262,C,H,H,F,2020-01-27T00:00:00Z,1,5.493,NA,0,6,G2,42,44,104,8,20.3,19.734,20.584,clear,24.43144444,45,18,E9,0.000433333,0.001560222
3764i,3764,304,H,C,C,M,2020-02-07T00:00:00Z,5,3.477,NA,0,14,H4,42,44,104,14,19.952,19.808,19.952,clear,24.43144444,45,18,F9,0.00114,0.001560222
3716i,3716,313,C,H,C,M,2020-02-06T00:00:00Z,1,3.532,NA,2,13,A6,47,48,115,10,19.104,19.812,20.128,clear,21.26333333,49,20,A1,0.000633333,0.000611111
4220i,4220,369,C,C,C,M,2020-02-27T00:00:00Z,7,2.798,NA,1,13,D6,31,34,73,6,20.05,19.82,20.05,clear,19.00366667,35,13,B1,0.001293,0.001602333
1132i,1132,24,H,H,C,M,2020-01-03T00:00:00Z,7,2.392,NA,0,18,A8,6,9,14,10,18.135,19.823,18.845,clear,20.51455556,10,3,C2,0.000973333,0.004886333
2412i,2412,233,H,H,H,M,2020-01-22T00:00:00Z,5,3.275,NA,1,5,G5,17,19,46,2,20.594,19.824,21.09,clear,26.169,20,8,E3,0.002493,0.002566333
1019i,1019,35,H,C,C,F,2020-01-02T00:00:00Z,7,4.817,NA,3,18,F6,36,39,89,4,18.642,19.835,19.609,clear,22.67577778,40,15,A1,0.00744,0.00307
3543i,3543,294,H,C,C,M,2020-02-04T00:00:00Z,1,4.199,NA,0,3,G4,3,4,10,14,20.379,19.839,20.288,clear,22.52377778,5,2,C4,0.001527,0.002135667
3795i,3795,299,H,C,C,M,2020-02-08T00:00:00Z,5,3.673,NA,2,14,D6,2,4,8,5,19.152,19.853,19.853,clear,22.69533333,5,2,H4,0.001333,0.002135667
2886i,2886,307,H,C,H,F,2020-01-28T00:00:00Z,7,4.55,NA,2,3,F3,33,34,83,17,20.222,19.858,20.069,clear,20.79366667,35,14,B8,0.007273,0.003578
3758i,3758,308,H,C,C,M,2020-02-07T00:00:00Z,5,4.012,NA,1,14,H8,37,39,92,6,20.089,19.865,20.091,clear,21.82922222,40,16,D11,0.001253,0.001589667
1849i,1849,209,C,C,H,F,2020-01-10T00:00:00Z,1,6.583,NA,2,19,G8,32,34,79,14,20.609,19.867,19.596,clear,20.32988889,35,14,F6,0.00688,0.003578
2932i,2932,304,H,C,H,F,2020-01-29T00:00:00Z,7,5.096,NA,0,5,A5,21,24,50,2,20.635,19.867,19.415,clear,23.04711111,25,9,C10,0.000146667,0.002126667
1489i,1489,128,C,C,H,F,2020-01-06T00:00:00Z,5,5.313,NA,2,19,I8,38,39,95,10,19.634,19.868,19.587,clear,21.52322222,40,16,F5,0.006293,0.001589667
2433i,2433,235,H,H,H,F,2020-01-22T00:00:00Z,7,4.47,NA,0,5,I10,7,9,18,11,20.114,19.878,17.73,clear,23.40777778,10,3,F8,0.00326,0.004886333
3089i,3089,342,C,C,H,M,2020-01-31T00:00:00Z,5,3.149,NA,0,4,H6,2,4,7,15,21.902,19.88,21.395,clear,21.20211111,5,2,D11,0.000673333,0.002135667
869i,869,40,H,H,C,F,2020-01-01T00:00:00Z,1,6.562,NA,1,18,B4,37,39,91,19,20.124,19.884,19.604,clear,21.53,40,16,A9,0.003753,0.001589667
1347i,1347,138,C,H,H,F,2020-01-04T00:00:00Z,7,4.897,NA,2,19,H5,21,24,52,15,19.14,19.893,19.629,clear,21.713,25,9,E11,0.002187,0.002126667
3282i,3282,354,C,C,H,M,2020-02-02T00:00:00Z,3,2.762,NA,2,4,E6,7,9,21,12,18.918,19.936,20.598,clear_after_clahe,22.65855556,10,4,A3,0.00236,0.001893333
2201i,2201,182,C,H,C,F,2020-01-19T00:00:00Z,1,6.863,NA,1,8,G8,13,14,36,11,19.81,19.941,19.67,clear,20.24522222,15,6,D7,0.01,0.003100333
3762i,3762,304,H,C,C,F,2020-02-07T00:00:00Z,3,5.792,NA,0,12,D7,13,14,36,6,19.538,19.957,19.817,clear,20.24522222,15,6,D2,0.01,0.003100333
4102i,4102,369,C,C,H,F,2020-02-19T00:00:00Z,5,5.018,NA,1,15,F7,36,39,88,2,19.39,19.96,19.117,clear,21.30088889,40,15,H2,0.00674,0.00307
94i,94,9,H,H,H,F,2019-12-23T00:00:00Z,5,4.121,NA,2,16,B5,17,19,43,1,20.481,19.972,19.932,clear,21.49611111,20,8,G11,0.002313,0.002566333
1735i,1735,210,C,C,H,M,2020-01-09T00:00:00Z,1,3.362,NA,1,9,B3,7,9,21,19,21.566,19.977,20.946,clear,22.65855556,10,4,E6,0.00116,0.001893333
3535i,3535,289,H,C,C,F,2020-02-04T00:00:00Z,5,6.193,NA,1,10,D4,11,14,27,5,21.158,19.979,21.097,clear,20.41122222,15,5,E4,0.01,0.001357667
2977i,2977,322,C,C,H,F,2020-01-30T00:00:00Z,5,4.454,NA,1,5,B2,1,4,1,12,19.881,19.98,19.972,clear,21.41322222,5,1,H3,0.002033,0.000988889
632i,632,24,H,H,C,M,2019-12-31T00:00:00Z,1,3.317,NA,0,16,I4,17,19,43,15,19.972,19.98,19.98,clear,21.49611111,20,8,B1,0.001853,0.002566333
812i,812,79,H,C,H,F,2019-12-31T00:00:00Z,7,5.415,NA,0,9,E8,17,19,43,5,21.053,19.98,19.98,clear,21.49611111,20,8,E12,0.002433,0.002566333
3672i,3672,289,H,C,C,M,2020-02-06T00:00:00Z,3,4.651,NA,1,10,E4,12,14,32,10,18.199,19.986,19.143,clear,20.423,15,6,G2,0.003887,0.003100333
1846i,1846,211,C,C,H,F,2020-01-10T00:00:00Z,7,5.541,NA,1,21,A5,13,14,35,12,19.962,20.009,20.673,clear,22.43944444,15,6,A2,0.004997,0.003100333
3144i,3144,222,H,H,C,F,2020-01-31T00:00:00Z,5,5.769,NA,2,4,B4,11,14,28,3,20.076,20.024,20.364,clear,20.87955556,15,5,B2,0.003773,0.001357667
3427i,3427,298,H,C,C,M,2020-02-03T00:00:00Z,3,3.669,NA,1,11,A8,31,34,73,16,19.534,20.031,20.263,clear,19.00366667,35,13,D6,0.002327,0.001602333
3996i,3996,357,C,C,C,F,2020-02-13T00:00:00Z,5,5.791,NA,1,13,H8,31,34,73,11,20.547,20.031,20.05,clear,19.00366667,35,13,D3,0.009193,0.001602333
2754i,2754,259,C,H,H,F,2020-01-28T00:00:00Z,1,5.6,NA,1,6,B4,31,34,77,10,20.794,20.031,20.031,clear,17.18766667,35,13,C7,0.005973,0.001602333
3800i,3800,306,H,C,C,F,2020-02-08T00:00:00Z,1,6.794,NA,2,10,F7,31,34,73,1,19.082,20.05,20.05,clear,19.00366667,35,13,G2,0.01,0.001602333
4208i,4208,369,C,C,C,M,2020-02-26T00:00:00Z,5,3.225,NA,1,13,E2,31,34,73,8,20.031,20.05,20.031,clear,19.00366667,35,13,D11,0.001167,0.001602333
2436i,2436,235,H,H,H,M,2020-01-22T00:00:00Z,5,3.342,NA,0,5,F8,31,34,73,15,20.544,20.05,20.771,clear,19.00366667,35,13,G8,0.001687,0.001602333
3584i,3584,273,H,C,C,F,2020-02-05T00:00:00Z,7,5.674,NA,2,14,I8,42,44,105,3,20.866,20.05,20.031,clear,21.326,45,18,B7,0.00588,0.001560222
115i,115,9,H,H,H,F,2019-12-24T00:00:00Z,7,4.786,NA,2,17,H5,13,14,35,6,20.079,20.051,20.051,clear,22.43944444,15,6,D9,0.0021,0.003100333
2024i,2024,128,C,C,C,F,2020-01-14T00:00:00Z,7,4.603,NA,2,15,I6,31,34,74,12,20.328,20.054,20.562,clear,19.76166667,35,13,E9,0.003753,0.001602333
447i,447,16,H,H,C,M,2019-12-29T00:00:00Z,3,3.403,NA,1,16,H5,2,4,7,8,20.098,20.055,20.055,clear,21.20211111,5,2,F8,0.002393,0.002135667
2569i,2569,262,C,H,H,M,2020-01-25T00:00:00Z,5,2.722,NA,0,2,F10,36,39,89,1,19.426,20.074,19.426,clear_after_clahe,22.67577778,40,15,C10,0.002987,0.00307
589i,589,70,H,H,H,M,2019-12-30T00:00:00Z,3,3.746,NA,2,17,D7,38,39,96,8,19.371,20.076,19.852,clear,22.07211111,40,16,D2,0.001153,0.001589667
1569i,1569,181,H,C,H,F,2020-01-07T00:00:00Z,1,5.203,NA,2,16,E6,26,29,62,2,20.539,20.082,19.701,clear,21.32666667,30,11,B1,0.00406,0.003033333
3065i,3065,327,C,H,H,F,2020-01-31T00:00:00Z,5,4.627,NA,0,4,G7,18,19,47,11,19.586,20.086,20.32,clear,23.19066667,20,8,H4,0.006773,0.002566333
4028i,4028,358,C,C,C,M,2020-02-14T00:00:00Z,7,4.671,NA,0,15,B2,28,29,71,8,20.086,20.086,20.845,clear,21.18411111,30,12,E9,0.001567,0.002409
501i,501,14,H,H,C,M,2019-12-30T00:00:00Z,3,2.921,NA,3,17,B2,28,29,71,10,20.086,20.086,20.078,clear,21.18411111,30,12,G8,0.000646667,0.002409
2730i,2730,295,H,C,H,F,2020-01-27T00:00:00Z,7,4.659,NA,1,3,B7,36,39,85,1,20.577,20.089,19.968,clear,21.97466667,40,15,H6,0.00422,0.00307
1598i,1598,193,C,C,H,F,2020-01-07T00:00:00Z,1,5.974,NA,0,19,G5,32,34,80,16,20.62,20.089,20.253,clear,18.80166667,35,14,A2,0.007627,0.003578
1562i,1562,182,C,H,H,F,2020-01-07T00:00:00Z,5,5.586,NA,1,21,E4,11,14,29,14,17.189,20.098,17.681,clear,21.23988889,15,5,A1,0.00136,0.001357667
3344i,3344,358,C,C,H,F,2020-02-03T00:00:00Z,5,5.099,NA,0,12,I1,21,24,51,14,19.142,20.098,19.126,clear,21.91977778,25,9,A3,0.00259,0.002126667
2736i,2736,297,H,C,H,F,2020-01-27T00:00:00Z,1,6.293,NA,1,6,E2,16,19,37,4,20.194,20.098,20.126,clear,22.125,20,7,G3,0.00964,0.002569889
1390i,1390,119,C,H,H,F,2020-01-04T00:00:00Z,5,4.587,NA,2,20,D2,38,39,95,8,20.63,20.098,20.63,clear,21.52322222,40,16,A2,0.001103,0.001589667
2665i,2665,276,H,C,H,F,2020-01-27T00:00:00Z,5,4.691,NA,1,1,H6,16,19,37,15,21.649,20.098,20.63,clear,22.125,20,7,C2,0.006607,0.002569889
2733i,2733,295,H,C,H,M,2020-01-27T00:00:00Z,5,2.323,NA,1,1,H3,33,34,82,14,20.099,20.099,19.129,clear,20.78366667,35,14,F3,0.001567,0.003578
359i,359,2,H,H,C,M,2019-12-28T00:00:00Z,1,2.988,NA,0,18,D5,3,4,10,12,20.311,20.099,20.318,clear,22.52377778,5,2,H1,0.001013,0.002135667
126i,126,24,H,H,H,F,2019-12-25T00:00:00Z,1,5.347,NA,0,17,F4,36,39,89,8,19.118,20.101,19.609,clear,22.67577778,40,15,G5,0.00698,0.00307
3226i,3226,351,C,C,H,F,2020-02-01T00:00:00Z,3,5.04,NA,1,4,C1,42,44,104,1,19.72,20.101,20.362,clear,24.43144444,45,18,H10,0.00682,0.001560222
2262i,2262,193,C,C,C,F,2020-01-20T00:00:00Z,7,6.122,NA,0,5,H7,31,34,74,8,19.588,20.102,20.079,clear,19.76166667,35,13,C12,0.005767,0.001602333
2732i,2732,295,H,C,H,M,2020-01-27T00:00:00Z,3,2.92,NA,1,2,H7,13,14,34,3,19.726,20.108,19.324,clear_after_clahe,20.47455556,15,6,C10,0.002587,0.003100333
2587i,2587,273,H,C,H,F,2020-01-26T00:00:00Z,3,5.106,NA,2,6,B1,1,4,5,16,20.108,20.108,20.584,clear,21.13577778,5,1,B9,0.002047,0.000988889
3691i,3691,303,H,C,C,F,2020-02-06T00:00:00Z,3,5.29,NA,0,10,E7,1,4,5,17,20.108,20.108,20.108,clear,21.13577778,5,1,C11,0.01,0.000988889
1222i,1222,123,C,C,H,F,2020-01-03T00:00:00Z,3,5.386,NA,0,17,I1,1,4,5,15,20.108,20.108,19.604,clear,21.13577778,5,1,H10,0.001313,0.000988889
1493i,1493,151,C,C,H,F,2020-01-06T00:00:00Z,3,5.112,NA,2,20,C4,22,24,56,3,20.584,20.108,20.584,clear,22.14844444,25,10,D4,0.003307,0.001974667
3249i,3249,235,H,H,C,F,2020-02-01T00:00:00Z,3,6.088,NA,0,4,C9,1,4,5,8,20.636,20.108,20.108,clear,21.13577778,5,1,E9,0.003,0.000988889
3654i,3654,269,H,C,C,M,2020-02-06T00:00:00Z,5,3.537,NA,2,9,H1,32,34,79,16,20.114,20.114,20.114,clear,20.32988889,35,14,B1,0.002093,0.003578
2750i,2750,294,H,C,H,M,2020-01-27T00:00:00Z,5,2.978,NA,0,1,G2,12,14,32,12,20.594,20.114,20.861,clear,20.423,15,6,D10,0.001,0.003100333
2362i,2362,221,H,H,H,F,2020-01-21T00:00:00Z,7,4.67,NA,2,6,I10,31,34,76,15,20.838,20.114,20.861,clear,20.86737778,35,13,H1,0.003453,0.001602333
601i,601,33,C,H,C,M,2019-12-31T00:00:00Z,3,3.208,NA,1,19,B7,38,39,96,6,19.62,20.116,20.116,clear,22.07211111,40,16,B9,0.000933333,0.001589667
1844i,1844,211,C,C,H,F,2020-01-10T00:00:00Z,3,5.403,NA,1,21,D9,36,39,88,15,20.089,20.116,19.617,clear,21.30088889,40,15,A5,0.008447,0.00307
1684i,1684,196,C,H,H,F,2020-01-08T00:00:00Z,3,4.899,NA,0,19,H7,22,24,54,6,20.12,20.12,20.647,clear,23.02177778,25,9,E2,0.001713,0.002126667
2029i,2029,138,C,H,C,F,2020-01-14T00:00:00Z,1,6.942,NA,2,19,B5,37,39,91,3,19.339,20.124,19.376,clear,21.53,40,16,G2,0.002747,0.001589667
3788i,3788,327,C,H,C,M,2020-02-07T00:00:00Z,1,3.531,NA,0,12,I3,37,39,91,5,20.124,20.124,20.5,clear,21.53,40,16,F9,0.003313,0.001589667
3242i,3242,228,H,H,C,M,2020-02-01T00:00:00Z,5,3.644,NA,0,10,I5,28,29,72,16,20.124,20.124,20.124,clear,23.03055556,30,12,F12,0.00254,0.002409
3708i,3708,307,H,C,C,F,2020-02-06T00:00:00Z,7,5.89,NA,2,14,F1,38,39,96,2,20.124,20.124,20.124,clear,22.07211111,40,16,C9,0.004367,0.001589667
1240i,1240,65,H,H,H,F,2020-01-03T00:00:00Z,5,4.416,NA,2,16,F8,38,39,96,11,20.124,20.124,20.124,clear,22.07211111,40,16,B7,0.001153,0.001589667
3030i,3030,227,H,H,C,M,2020-01-30T00:00:00Z,5,3.604,NA,1,4,G3,37,39,90,15,19.364,20.126,19.86,clear,22.22688889,40,15,D5,0.002087,0.00307
1718i,1718,106,H,C,C,M,2020-01-09T00:00:00Z,3,3.734,NA,2,7,A5,36,39,87,2,20.134,20.126,21.061,clear_after_clahe,23.29844444,40,15,B6,0.0032,0.00307
484i,484,34,H,C,C,F,2019-12-30T00:00:00Z,1,3.325,NA,3,21,B4,38,39,95,2,20.368,20.126,20.891,clear,21.52322222,40,16,A5,0.001913,0.001589667
3699i,3699,304,H,C,C,M,2020-02-06T00:00:00Z,1,3.71,NA,0,11,C5,38,39,95,19,20.63,20.126,20.63,clear,21.52322222,40,16,D1,0.002273,0.001589667
3432i,3432,356,C,C,H,M,2020-02-04T00:00:00Z,5,3.127,NA,2,10,B9,37,39,92,11,19.531,20.129,19.897,clear,21.82922222,40,16,D7,0.000913333,0.001589667
4181i,4181,383,C,C,H,F,2020-02-20T00:00:00Z,1,5.696,NA,1,15,B3,36,39,86,1,19.637,20.129,20.633,clear,22.67322222,40,15,F12,0.0069,0.00307
2222i,2222,187,C,C,C,F,2020-01-19T00:00:00Z,7,6.613,NA,0,5,E2,16,19,40,5,20.137,20.129,20.245,clear,19.17588889,20,7,F1,0.01,0.002569889
2189i,2189,181,H,C,C,M,2020-01-18T00:00:00Z,1,3.467,NA,2,20,H7,41,44,99,16,20.633,20.129,20.129,clear_after_clahe,24.16844444,45,17,E9,0.0035,0.003039778
472i,472,10,H,H,C,M,2019-12-30T00:00:00Z,7,2.248,NA,1,8,H1,36,39,87,3,20.134,20.134,20.916,clear,23.29844444,40,15,G6,0.002,0.00307
3023i,3023,231,H,H,C,F,2020-01-30T00:00:00Z,5,6.153,NA,1,4,F10,46,48,110,1,20.134,20.134,19.14,clear,21.59911111,49,19,E9,0.004093,0.001645444
4134i,4134,383,C,C,H,M,2020-02-19T00:00:00Z,1,3.549,NA,1,15,E7,21,24,53,11,19.144,20.137,20.642,clear,21.75544444,25,9,E9,0.00146,0.002126667
2864i,2864,317,C,H,H,F,2020-01-28T00:00:00Z,1,5.656,NA,1,6,E1,43,44,108,3,20.137,20.137,20.089,clear,23.92,45,18,H1,0.00288,0.001560222
1969i,1969,129,C,C,C,M,2020-01-13T00:00:00Z,5,2.772,NA,1,20,G9,11,14,26,15,20.823,20.142,21.156,clear,21.64188889,15,5,E6,0.000586667,0.001357667
3068i,3068,327,C,H,H,M,2020-01-31T00:00:00Z,5,3.078,NA,0,4,G10,2,4,7,3,20.325,20.153,19.61,clear_after_clahe,21.20211111,5,2,H10,0.002087,0.002135667
2828i,2828,303,H,C,H,M,2020-01-28T00:00:00Z,1,3.795,NA,0,6,D5,27,29,70,2,19.484,20.226,20.04,clear,22.24755556,30,12,E4,0.00132,0.002409
1224i,1224,123,C,C,H,M,2020-01-03T00:00:00Z,3,2.714,NA,0,17,H9,41,44,97,15,19.415,20.241,20.331,clear_after_clahe,26.13922222,45,17,E11,0.00114,0.003039778
2721i,2721,306,H,C,H,M,2020-01-27T00:00:00Z,3,3.244,NA,2,2,H10,2,4,9,14,20.25,20.241,19.868,clear,22.61666667,5,2,E10,0.000913333,0.002135667
2830i,2830,303,H,C,H,M,2020-01-28T00:00:00Z,5,2.541,NA,0,1,B7,17,19,45,5,20.839,20.242,20.051,clear,24.06788889,20,8,C6,0.003173,0.002566333
3843i,3843,314,C,H,C,F,2020-02-09T00:00:00Z,3,5.767,NA,1,14,G5,1,4,3,19,20.29,20.246,19.943,clear,21.94944444,5,1,C12,0.00148,0.000988889
1626i,1626,79,H,C,C,M,2020-01-08T00:00:00Z,5,3.536,NA,0,18,E7,1,4,3,17,20.535,20.257,20.535,clear,21.94944444,5,1,D11,NA,0.000988889
2492i,2492,250,H,H,H,F,2020-01-23T00:00:00Z,1,5.765,NA,2,7,F5,1,4,3,12,20.486,20.29,20.29,clear,21.94944444,5,1,A6,0.00144,0.000988889
351i,351,5,H,H,C,M,2019-12-28T00:00:00Z,5,3.195,NA,2,17,A9,6,9,17,11,21.873,20.292,22.66,clear,23.17555556,10,3,H7,0.000813333,0.004886333
3545i,3545,294,H,C,C,M,2020-02-04T00:00:00Z,7,3.674,NA,0,9,G8,37,39,92,10,20.089,20.301,20.089,clear,21.82922222,40,16,H7,0.007253,0.001589667
3356i,3356,357,C,C,H,M,2020-02-03T00:00:00Z,5,5.26,NA,1,12,G1,11,14,29,11,19.833,20.317,18.411,clear,21.23988889,15,5,C5,0.01,0.001357667
3034i,3034,228,H,H,C,M,2020-01-30T00:00:00Z,1,4.652,NA,0,2,D7,27,29,69,1,19.97,20.319,19.6,clear,21.78322222,30,12,G4,0.001667,0.002409
2420i,2420,227,H,H,H,M,2020-01-22T00:00:00Z,3,2.927,NA,1,8,B10,7,9,22,19,20.774,20.323,20.016,clear_after_clahe,22.11688889,10,4,F10,0.006107,0.001893333
354i,354,1,H,H,C,M,2019-12-28T00:00:00Z,7,3.771,NA,1,19,E1,27,29,67,6,20.134,20.338,20.126,clear,21.08022222,30,12,A9,0.000926667,0.002409
262i,262,33,C,H,H,F,2019-12-28T00:00:00Z,7,4.145,NA,1,19,D1,31,34,74,17,21.346,20.34,20.215,clear,19.76166667,35,13,C3,0.01,0.001602333
3945i,3945,351,C,C,C,M,2020-02-11T00:00:00Z,7,3.347,NA,1,13,I8,3,4,10,2,20.842,20.341,21.066,clear_after_clahe,22.52377778,5,2,D10,0.002093,0.002135667
530i,530,56,C,H,H,M,2019-12-30T00:00:00Z,7,2.747,NA,1,9,E5,37,39,89,14,19.609,20.362,20.237,clear,22.67577778,40,15,C8,0.00096,0.00307
2993i,2993,213,H,H,C,F,2020-01-30T00:00:00Z,5,5.335,NA,2,5,B5,3,4,12,16,18.191,20.366,19.632,clear,21.25233333,5,2,B8,0.003827,0.002135667
2030i,2030,138,C,H,C,F,2020-01-14T00:00:00Z,3,6.045,NA,2,20,I4,27,29,68,12,19.938,20.374,20.625,clear,21.24133333,30,12,C10,0.002787,0.002409
1667i,1667,187,C,C,H,F,2020-01-08T00:00:00Z,7,4.757,NA,0,19,A4,11,14,26,12,20.868,20.377,20.73,clear,21.64188889,15,5,A9,0.005613,0.001357667
1619i,1619,192,C,C,H,F,2020-01-07T00:00:00Z,1,6.443,NA,1,19,G4,11,14,26,14,20.896,20.377,20.377,clear,21.64188889,15,5,H1,0.002353,0.001357667
2950i,2950,222,H,H,C,M,2020-01-29T00:00:00Z,5,2.735,NA,2,5,A8,36,39,88,17,20.62,20.378,20.62,clear,21.30088889,40,15,B4,0.00086,0.00307
953i,953,92,H,C,H,F,2020-01-01T00:00:00Z,5,4.278,NA,1,17,I2,2,4,8,16,20.871,20.383,21.068,clear,22.69533333,5,2,G3,0.001493,0.002135667
3428i,3428,298,H,C,C,M,2020-02-03T00:00:00Z,5,3.697,NA,1,13,A3,2,4,8,14,22.131,20.383,21.363,clear,22.69533333,5,2,C9,0.000546667,0.002135667
2497i,2497,253,C,H,H,M,2020-01-24T00:00:00Z,3,2.957,NA,1,5,F10,11,14,28,17,20.649,20.392,21.665,clear,20.87955556,15,5,F3,0.00082,0.001357667
4158i,4158,377,C,C,H,F,2020-02-20T00:00:00Z,3,5.349,NA,1,15,F2,38,39,95,4,20.368,20.398,20.479,clear,21.52322222,40,16,C1,0.003927,0.001589667
3956i,3956,323,C,H,C,F,2020-02-12T00:00:00Z,3,6.212,NA,2,13,C1,6,9,13,8,20.853,20.422,20.477,clear,19.515,10,3,A2,0.005423,0.004886333
4013i,4013,324,C,H,C,F,2020-02-14T00:00:00Z,7,6.144,NA,1,15,C1,1,4,3,15,20.78,20.433,20.486,clear,21.94944444,5,1,H6,0.00072,0.000988889
1507i,1507,192,C,C,H,M,2020-01-06T00:00:00Z,3,3.431,NA,1,20,B1,16,19,39,14,19.853,20.47,20.104,clear,18.962,20,7,E7,0.001187,0.002569889
1131i,1131,24,H,H,C,M,2020-01-03T00:00:00Z,5,3.226,NA,0,19,G7,1,4,1,3,19.98,20.473,19.972,clear,21.41322222,5,1,G4,0.002367,0.000988889
3250i,3250,235,H,H,C,F,2020-02-01T00:00:00Z,5,5.927,NA,0,10,I8,17,19,42,19,21.644,20.475,21.022,clear,21.98511111,20,7,C1,0.009473,0.002569889
2264i,2264,193,C,C,C,M,2020-01-20T00:00:00Z,5,3.648,NA,0,8,B2,6,9,13,15,21.208,20.477,20.278,clear,19.515,10,3,D12,0.001287,0.004886333
3507i,3507,298,H,C,C,F,2020-02-04T00:00:00Z,3,6.618,NA,1,11,D8,6,9,13,19,21.789,20.477,21.44,clear,19.515,10,3,B5,0.009887,0.004886333
3271i,3271,344,C,C,H,F,2020-02-02T00:00:00Z,5,5.059,NA,2,11,F3,1,4,1,14,20.183,20.505,19.98,clear,21.41322222,5,1,F1,0.000446667,0.000988889
4183i,4183,383,C,C,H,M,2020-02-20T00:00:00Z,3,3.76,NA,1,15,F3,17,19,44,11,21.187,20.51,20.451,clear,23.83822222,20,8,A5,0.002773,0.002566333
3433i,3433,357,C,C,H,F,2020-02-04T00:00:00Z,3,4.912,NA,1,11,E7,21,24,49,19,20.577,20.518,20.518,clear,23.32666667,25,9,G8,0.0027,0.002126667
2228i,2228,215,H,H,H,M,2020-01-19T00:00:00Z,1,3.981,NA,2,8,F9,32,34,77,17,20.897,20.528,20.031,clear,17.18766667,35,13,B2,0.001733,0.001602333
588i,588,70,H,H,H,M,2019-12-30T00:00:00Z,1,3.761,NA,2,21,C3,31,34,73,19,21.481,20.528,20.263,clear,19.00366667,35,13,A5,0.002367,0.001602333
985i,985,57,C,H,H,F,2020-01-01T00:00:00Z,7,3.842,NA,2,16,E8,27,29,68,4,20.871,20.531,20.633,clear,21.24133333,30,12,D2,0.001987,0.002409
1022i,1022,40,H,H,C,F,2020-01-02T00:00:00Z,5,5.79,NA,1,7,E5,26,29,63,8,21.141,20.531,20.531,clear,20.80288889,30,11,G9,0.009633,0.003033333
3403i,3403,262,C,H,C,F,2020-02-03T00:00:00Z,1,6.258,NA,0,3,G6,31,34,74,14,20.562,20.538,21.006,clear,19.76166667,35,13,E12,0.005953,0.001602333
3128i,3128,213,H,H,C,M,2020-01-31T00:00:00Z,5,3.41,NA,2,4,E8,7,9,19,2,20.584,20.54,20.844,clear,22.85566667,10,4,C12,0.000826667,0.001893333
1894i,1894,123,C,C,C,F,2020-01-11T00:00:00Z,1,7.023,NA,0,19,H2,3,4,10,19,20.359,20.563,20.835,clear,22.52377778,5,2,E2,0.006347,0.002135667
3854i,3854,310,C,H,C,F,2020-02-09T00:00:00Z,5,3.098,NA,2,11,I6,32,34,80,14,21.639,20.577,21.127,clear,18.80166667,35,14,A6,0.004727,0.003578
3245i,3245,233,H,H,C,F,2020-02-01T00:00:00Z,5,6.169,NA,1,10,I6,32,34,82,19,20.845,20.578,20.099,clear,20.78366667,35,14,H3,0.03,0.003578
416i,416,14,H,H,C,F,2019-12-29T00:00:00Z,1,6.225,NA,3,18,H8,31,34,74,5,20.581,20.581,20.581,clear,19.76166667,35,13,E8,0.01,0.001602333
3121i,3121,351,C,C,H,M,2020-01-31T00:00:00Z,3,2.983,NA,1,4,C10,32,34,78,16,20.581,20.581,20.581,clear,20.25488889,35,13,G12,0.001573,0.001602333
2290i,2290,222,H,H,H,F,2020-01-20T00:00:00Z,3,4.574,NA,2,7,I7,13,14,35,1,22.124,20.581,22.635,clear,22.43944444,15,6,G1,0.00794,0.003100333
4077i,4077,377,C,C,H,M,2020-02-18T00:00:00Z,1,3.987,NA,1,15,E2,1,4,5,3,21.128,20.584,20.632,clear,21.13577778,5,1,C6,0.0011,0.000988889
610i,610,54,H,H,C,M,2019-12-31T00:00:00Z,1,3.436,NA,1,16,D9,28,29,71,17,21.104,20.589,20.589,clear,21.18411111,30,12,B3,0.00144,0.002409
3243i,3243,230,H,H,C,F,2020-02-01T00:00:00Z,7,5.383,NA,2,12,H5,27,29,68,1,20.633,20.59,20.102,clear,21.24133333,30,12,H7,0.001127,0.002409
282i,282,35,H,C,H,F,2019-12-28T00:00:00Z,3,5.591,NA,3,17,G3,36,39,86,16,21.371,20.59,21.398,clear,22.67322222,40,15,G8,0.007147,0.00307
1199i,1199,129,C,C,H,M,2020-01-03T00:00:00Z,1,3.181,NA,1,19,E2,33,34,83,5,21.594,20.59,21.594,clear,20.79366667,35,14,C11,0.001327,0.003578
1564i,1564,182,C,H,H,M,2020-01-07T00:00:00Z,1,3.496,NA,1,16,G2,18,19,48,2,21.131,20.593,20.341,clear,23.26977778,20,8,A8,0.002693,0.002566333
792i,792,92,H,C,H,M,2019-12-31T00:00:00Z,1,3.746,NA,1,8,H9,33,34,84,5,20.354,20.598,20.869,clear,20.79366667,35,14,G3,0.00204,0.003578
2796i,2796,318,C,H,H,F,2020-01-28T00:00:00Z,7,4.615,NA,1,3,C6,22,24,55,12,21.041,20.6,21.581,clear,23.49033333,25,10,H2,0.000226667,0.001974667
1552i,1552,179,H,C,H,M,2020-01-07T00:00:00Z,7,2.683,NA,0,7,C6,41,44,101,16,21.041,20.6,20.556,clear_after_clahe,22.381,45,17,D11,0.001273,0.003039778
538i,538,79,H,C,H,F,2019-12-30T00:00:00Z,3,5.418,NA,0,17,B9,12,14,33,4,21.125,20.6,20.897,clear_after_clahe,23.28877778,15,6,H8,0.0031,0.003100333
2720i,2720,306,H,C,H,M,2020-01-27T00:00:00Z,1,3.384,NA,2,6,E8,23,24,59,10,22.677,20.6,22.498,clear,20.87455556,25,10,B4,0.001187,0.001974667
2143i,2143,191,C,C,C,M,2020-01-17T00:00:00Z,5,4.022,NA,1,8,F10,47,48,115,5,20.142,20.602,20.757,clear,21.26333333,49,20,C10,0.000353333,0.000611111
2204i,2204,181,H,C,C,F,2020-01-19T00:00:00Z,3,6.733,NA,2,8,E6,16,19,39,4,21.068,20.603,21.118,clear,18.962,20,7,E1,0.01,0.002569889
1201i,1201,129,C,C,H,M,2020-01-03T00:00:00Z,5,2.89,NA,1,16,F9,42,44,104,11,20.604,20.604,20.604,clear,24.43144444,45,18,A4,0.001173,0.001560222
3969i,3969,350,C,C,C,F,2020-02-12T00:00:00Z,5,5.434,NA,1,13,F7,11,14,27,17,21.196,20.604,20.645,clear,20.41122222,15,5,D5,0.009107,0.001357667
3063i,3063,324,C,H,H,M,2020-01-31T00:00:00Z,7,3.174,NA,1,11,H3,26,29,64,11,21.701,20.604,21.656,clear,22.49188889,30,11,E10,0.00146,0.003033333
3652i,3652,269,H,C,C,F,2020-02-06T00:00:00Z,5,6.448,NA,2,9,G10,37,39,90,8,20.891,20.61,20.376,clear,22.22688889,40,15,F2,0.00554,0.00307
1391i,1391,119,C,H,H,M,2020-01-04T00:00:00Z,3,3.264,NA,2,7,E2,36,39,87,15,21.111,20.61,20.61,clear_after_clahe,23.29844444,40,15,A3,0.0008,0.00307
3297i,3297,221,H,H,C,F,2020-02-02T00:00:00Z,3,5.936,NA,2,4,B7,31,34,76,19,20.114,20.613,20.225,clear,20.86737778,35,13,C10,0.001593,0.001602333
2225i,2225,215,H,H,H,F,2020-01-19T00:00:00Z,1,5.649,NA,2,8,G7,46,48,109,19,20.885,20.618,20.626,clear,23.05611111,49,19,E7,0.004333,0.001645444
2992i,2992,213,H,H,C,F,2020-01-30T00:00:00Z,3,4.965,NA,2,1,C8,23,24,59,11,19.824,20.62,19.968,clear,20.87455556,25,10,G10,0.01,0.001974667
4116i,4116,377,C,C,H,F,2020-02-19T00:00:00Z,7,4.545,NA,1,15,F8,36,39,85,2,20.62,20.62,20.62,clear,21.97466667,40,15,F4,0.01,0.00307
3853i,3853,327,C,H,C,M,2020-02-09T00:00:00Z,5,3.363,NA,0,12,A8,36,39,85,4,20.62,20.62,20.62,clear,21.97466667,40,15,E4,0.001007,0.00307
918i,918,58,C,H,H,F,2020-01-01T00:00:00Z,5,5.184,NA,2,9,E2,36,39,85,14,20.85,20.62,20.089,clear,21.97466667,40,15,E5,0.01,0.00307
1579i,1579,191,C,C,H,F,2020-01-07T00:00:00Z,7,5.442,NA,1,7,C5,3,4,12,12,21.68,20.62,20.628,clear,21.25233333,5,2,D7,0.006873,0.002135667
3873i,3873,305,H,C,C,F,2020-02-10T00:00:00Z,3,5.902,NA,0,14,C1,6,9,15,11,20.568,20.622,20.097,clear,21.04077778,10,3,E10,0.001813,0.004886333
1572i,1572,181,H,C,H,F,2020-01-07T00:00:00Z,7,5.203,NA,2,7,D6,6,9,15,5,21.695,20.622,20.786,clear,21.04077778,10,3,F9,0.006313,0.004886333
397i,397,56,C,H,H,M,2019-12-29T00:00:00Z,5,2.667,NA,1,19,B8,2,4,8,4,21.068,20.623,20.123,clear_after_clahe,22.69533333,5,2,A4,0.006247,0.002135667
3936i,3936,350,C,C,C,F,2020-02-11T00:00:00Z,7,5.262,NA,1,13,I4,46,48,109,2,20.626,20.626,20.626,clear,23.05611111,49,19,F5,0.00316,0.001645444
2985i,2985,348,C,C,H,M,2020-01-30T00:00:00Z,1,3.091,NA,1,2,A2,47,48,115,14,20.987,20.626,21.566,clear,21.26333333,49,20,A4,0.002263,0.000611111
3020i,3020,230,H,H,C,M,2020-01-30T00:00:00Z,7,2.967,NA,2,10,G8,12,14,33,16,19.604,20.629,20.364,clear,23.28877778,15,6,B3,0.001867,0.003100333
2431i,2431,235,H,H,H,F,2020-01-22T00:00:00Z,3,5.329,NA,0,8,D10,12,14,33,5,20.629,20.629,21.629,clear,23.28877778,15,6,G11,0.001147,0.003100333
3299i,3299,227,H,H,C,F,2020-02-02T00:00:00Z,5,5.649,NA,1,21,F1,47,48,113,19,21.145,20.629,21.145,clear,21.324,49,19,G5,0.001613,0.001645444
3922i,3922,344,C,C,C,F,2020-02-11T00:00:00Z,1,6.578,NA,2,14,F9,46,48,112,19,19.634,20.63,20.126,clear,19.50088889,49,19,G9,0.009233,0.001645444
3017i,3017,230,H,H,C,M,2020-01-30T00:00:00Z,1,3.617,NA,2,2,E3,12,14,29,1,20.259,20.63,21.891,clear,21.23988889,15,5,F12,0.001533,0.001357667
3949i,3949,354,C,C,C,M,2020-02-11T00:00:00Z,1,4.063,NA,2,14,F5,37,39,90,6,20.63,20.63,20.86,clear,22.22688889,40,15,C7,0.00212,0.00307
2277i,2277,210,C,C,C,M,2020-01-20T00:00:00Z,7,3.332,NA,1,5,I1,2,4,6,5,20.63,20.63,20.63,clear,21.55977778,5,1,A9,0.000613333,0.000988889
870i,870,40,H,H,C,F,2020-01-01T00:00:00Z,3,6.317,NA,1,20,F1,2,4,7,1,20.63,20.63,20.126,clear,21.20211111,5,2,G5,0.003387,0.002135667
2959i,2959,219,H,H,C,M,2020-01-29T00:00:00Z,1,4.07,NA,0,2,I2,38,39,95,5,20.86,20.63,20.055,clear_after_clahe,21.52322222,40,16,E7,0.005193,0.001589667
3418i,3418,297,H,C,C,F,2020-02-03T00:00:00Z,1,6.976,NA,1,3,H1,37,39,90,1,21.122,20.63,20.63,clear,22.22688889,40,15,H9,0.00936,0.00307
188i,188,3,H,H,C,M,2019-12-26T00:00:00Z,1,4.414,NA,1,17,E3,27,29,68,14,20.102,20.633,20.633,clear,21.24133333,30,12,B8,0.001207,0.002409
3136i,3136,219,H,H,C,F,2020-01-31T00:00:00Z,1,6.591,NA,0,1,I6,1,4,4,17,20.129,20.633,20.633,clear,20.56577778,5,1,D3,0.0044,0.000988889
3027i,3027,227,H,H,C,F,2020-01-30T00:00:00Z,1,6.615,NA,1,2,D4,26,29,63,3,20.633,20.633,20.773,clear,20.80288889,30,11,F11,0.00478,0.003033333
2340i,2340,209,C,C,C,M,2020-01-21T00:00:00Z,1,4.47,NA,2,8,G5,26,29,63,5,20.633,20.633,20.152,clear,20.80288889,30,11,D6,0.001,0.003033333
3694i,3694,303,H,C,C,M,2020-02-06T00:00:00Z,5,4.079,NA,0,9,H7,27,29,68,8,20.633,20.633,20.102,clear,21.24133333,30,12,B9,0.001767,0.002409
2210i,2210,196,C,H,C,M,2020-01-19T00:00:00Z,3,2.948,NA,0,8,F2,31,34,74,2,20.009,20.642,20.581,clear,19.76166667,35,13,E1,0.004913,0.001602333
3455i,3455,365,C,C,H,M,2020-02-04T00:00:00Z,5,2.948,NA,0,10,C3,41,44,97,4,20.643,20.643,20.643,clear_after_clahe,26.13922222,45,17,H10,0.001447,0.003039778
793i,793,92,H,C,H,M,2019-12-31T00:00:00Z,3,2.739,NA,1,8,I8,12,14,30,8,20.898,20.643,20.36,clear_after_clahe,23.90444444,15,5,G12,0.000673333,0.001357667
2568i,2568,262,C,H,H,M,2020-01-25T00:00:00Z,3,2.995,NA,0,6,G6,16,19,38,2,20.657,20.648,20.373,clear,22.34855556,20,7,H6,0.001287,0.002569889
1024i,1024,40,H,H,C,M,2020-01-02T00:00:00Z,7,2.855,NA,1,18,E5,26,29,64,12,20.653,20.653,20.653,clear,22.49188889,30,11,H9,0.00072,0.003033333
1822i,1822,106,H,C,C,M,2020-01-10T00:00:00Z,7,3.976,NA,2,21,A2,27,29,66,15,19.638,20.657,20.657,clear,22.38366667,30,11,A6,0.00156,0.003033333
3094i,3094,349,C,C,H,F,2020-01-31T00:00:00Z,1,6.389,NA,1,1,E10,12,14,31,10,20.429,20.657,20.931,clear,22.05633333,15,6,B8,0.01,0.003100333
3278i,3278,349,C,C,H,M,2020-02-02T00:00:00Z,3,3.545,NA,1,4,C2,27,29,66,12,20.657,20.657,20.657,clear,22.38366667,30,11,D1,0.002993,0.003033333
2323i,2323,219,H,H,H,M,2020-01-20T00:00:00Z,5,3.027,NA,0,8,B6,16,19,40,4,20.642,20.666,20.57,clear_after_clahe,19.17588889,20,7,D6,0.000853333,0.002569889
405i,405,39,H,H,H,F,2019-12-29T00:00:00Z,5,4.047,NA,2,16,G9,27,29,70,16,21.069,20.673,20.365,clear,22.24755556,30,12,G9,0.003667,0.002409
3192i,3192,324,C,H,H,M,2020-02-01T00:00:00Z,5,2.739,NA,1,10,H8,31,34,75,4,20.149,20.74,20.747,clear,18.875,35,13,F3,0.001413,0.001602333
3673i,3673,290,H,C,C,M,2020-02-06T00:00:00Z,5,4.012,NA,1,9,H4,12,14,30,2,20.889,20.76,21.061,clear_after_clahe,23.90444444,15,5,A8,0.00138,0.001357667
2137i,2137,191,C,C,C,M,2020-01-16T00:00:00Z,7,3.829,NA,1,8,A3,28,29,72,10,20.906,20.765,21.145,clear,23.03055556,30,12,C3,0.0016,0.002409
2265i,2265,193,C,C,C,M,2020-01-20T00:00:00Z,7,4.052,NA,0,5,H8,38,39,95,15,21.122,20.77,20.63,clear,21.52322222,40,16,D9,0.001327,0.001589667
314i,314,39,H,H,H,F,2019-12-28T00:00:00Z,1,5.81,NA,2,18,C2,16,19,40,3,21.158,20.77,21.016,clear,19.17588889,20,7,E9,0.01,0.002569889
3303i,3303,238,H,C,C,F,2020-02-02T00:00:00Z,7,5.931,NA,2,10,B4,26,29,63,4,20.152,20.773,20.51,clear,20.80288889,30,11,G10,0.0051,0.003033333
4232i,4232,377,C,C,C,M,2020-02-27T00:00:00Z,1,4.596,NA,1,15,A7,37,39,94,16,20.955,20.779,20.638,clear,21.47172222,40,16,G8,0.02,0.001589667
2452i,2452,252,C,H,H,F,2020-01-23T00:00:00Z,1,5.021,NA,2,7,G3,47,48,114,17,20.785,20.785,21.06,clear,21.34844444,49,19,H12,0.00328,0.001645444
3585i,3585,273,H,C,C,M,2020-02-05T00:00:00Z,1,3.773,NA,2,11,B9,17,19,45,19,21.598,20.79,20.79,clear,24.06788889,20,8,G9,0.002853,0.002566333
3867i,3867,327,C,H,C,F,2020-02-10T00:00:00Z,7,5.133,NA,0,13,F1,31,34,76,10,21.059,20.807,21.059,clear,20.86737778,35,13,E11,0.003947,0.001602333
3010i,3010,223,H,H,C,F,2020-01-30T00:00:00Z,5,5.614,NA,0,4,F9,46,48,109,10,21.114,20.815,21.114,clear,23.05611111,49,19,A9,0.05,0.001645444
893i,893,54,H,H,C,F,2020-01-01T00:00:00Z,5,5.391,NA,1,9,E1,46,48,113,15,20.124,20.825,20.124,clear,21.324,49,19,A2,0.000843333,0.001645444
93i,93,9,H,H,H,F,2019-12-23T00:00:00Z,3,4.432,NA,2,17,G1,6,9,14,16,18.625,20.828,20.828,clear,20.51455556,10,3,E9,0.001247,0.004886333
3603i,3603,289,H,C,C,F,2020-02-05T00:00:00Z,3,5.862,NA,1,13,A2,36,39,89,6,20.834,20.834,20.822,clear,22.67577778,40,15,A8,0.007767,0.00307
1814i,1814,109,C,H,C,F,2020-01-10T00:00:00Z,1,5.684,NA,2,19,G1,47,48,114,14,21.104,20.837,20.837,clear,21.34844444,49,19,D5,0.004033,0.001645444
3382i,3382,253,C,H,C,F,2020-02-03T00:00:00Z,3,6.881,NA,1,11,B3,31,34,76,2,21.108,20.838,21.622,clear,20.86737778,35,13,F6,0.002767,0.001602333
664i,664,30,H,C,C,F,2019-12-31T00:00:00Z,3,5.171,NA,1,19,C1,46,48,111,2,20.078,20.845,20.977,clear,21.88055556,49,19,F12,0.01,0.001645444
2263i,2263,193,C,C,C,M,2020-01-20T00:00:00Z,3,3.733,NA,0,8,A10,37,39,90,5,20.587,20.848,20.887,clear,22.22688889,40,15,G9,0.0012,0.00307
1630i,1630,92,H,C,C,F,2020-01-08T00:00:00Z,3,6.582,NA,1,19,F7,11,14,29,17,21.055,20.848,21.598,clear,21.23988889,15,5,H9,0.01,0.001357667
3724i,3724,314,C,H,C,M,2020-02-06T00:00:00Z,3,3.135,NA,1,10,F5,32,34,80,17,20.62,20.85,21.369,clear,18.80166667,35,14,B4,0.00122,0.003578
3301i,3301,238,H,C,C,F,2020-02-02T00:00:00Z,3,6.484,NA,2,3,H10,36,39,88,12,20.811,20.85,20.089,clear,21.30088889,40,15,F8,0.01,0.00307
2477i,2477,239,C,H,H,F,2020-01-23T00:00:00Z,5,4.697,NA,2,6,H3,12,14,30,15,20.214,20.852,20.643,clear,23.90444444,15,5,A4,0.001247,0.001357667
2274i,2274,210,C,C,C,M,2020-01-20T00:00:00Z,1,4.101,NA,1,16,B2,47,48,114,2,21.104,20.86,21.084,clear,21.34844444,49,19,D6,0.00124,0.001645444
924i,924,109,C,H,H,F,2020-01-01T00:00:00Z,1,5.868,NA,2,17,C6,2,4,6,2,21.122,20.86,20.891,clear,21.55977778,5,1,G1,0.001787,0.000988889
504i,504,9,H,H,C,M,2019-12-30T00:00:00Z,3,3.609,NA,2,18,B2,18,19,46,11,19.832,20.861,20.553,clear,26.169,20,8,G1,0.001353,0.002566333
909i,909,65,H,H,C,F,2020-01-01T00:00:00Z,3,4.173,NA,2,20,F3,12,14,33,14,20.897,20.861,20.364,clear,23.28877778,15,6,F7,0.009247,0.003100333
150i,150,4,H,H,C,M,2019-12-25T00:00:00Z,5,2.837,NA,1,8,H3,38,39,96,12,21.381,20.861,20.629,clear,22.07211111,40,16,H1,0.0016,0.001589667
3539i,3539,289,H,C,C,M,2020-02-04T00:00:00Z,7,3.659,NA,1,9,G7,32,34,81,6,19.646,20.862,19.887,clear,20.682,35,14,D9,0.001753,0.003578
319i,319,24,H,H,H,M,2019-12-28T00:00:00Z,3,3.086,NA,0,21,C4,7,9,18,1,20.862,20.862,19.143,clear,23.40777778,10,3,C12,0.00054,0.004886333
2305i,2305,215,H,H,H,M,2020-01-20T00:00:00Z,7,3.405,NA,2,5,H3,1,4,4,14,20.633,20.863,20.633,clear,20.56577778,5,1,H7,0.001513,0.000988889
2847i,2847,308,H,C,H,F,2020-01-28T00:00:00Z,5,4.397,NA,1,21,F4,28,29,72,4,19.884,20.877,20.232,clear,23.03055556,30,12,E10,0.00986,0.002409
2559i,2559,260,C,H,H,M,2020-01-25T00:00:00Z,5,2.838,NA,1,2,F1,42,44,103,3,21.185,20.889,21.096,clear,24.86311111,45,18,G12,0.00202,0.001560222
1670i,1670,179,H,C,H,F,2020-01-08T00:00:00Z,7,4.853,NA,0,19,A5,2,4,6,15,20.63,20.891,20.813,clear,21.55977778,5,1,F9,0.00606,0.000988889
2401i,2401,209,C,C,C,M,2020-01-22T00:00:00Z,3,4.087,NA,2,8,C4,46,48,113,2,21.145,20.897,20.897,clear,21.324,49,19,C2,0.00068,0.001645444
2168i,2168,187,C,C,C,M,2020-01-18T00:00:00Z,5,2.576,NA,0,8,A7,3,4,11,15,21.239,20.899,21.396,clear,16.72211111,5,2,C1,0.000893333,0.002135667
1575i,1575,181,H,C,H,M,2020-01-07T00:00:00Z,5,3.729,NA,2,18,E2,12,14,30,11,20.643,20.902,20.91,clear,23.90444444,15,5,G5,0.000526667,0.001357667
3984i,3984,323,C,H,C,M,2020-02-13T00:00:00Z,5,3.494,NA,2,14,A2,17,19,44,2,20.023,20.903,21.568,clear,23.83822222,20,8,D6,0.002233,0.002566333
2743i,2743,297,H,C,H,F,2020-01-27T00:00:00Z,3,3.344,NA,1,2,H5,28,29,70,17,20.399,20.904,21.086,clear,22.24755556,30,12,H3,0.002467,0.002409
3222i,3222,350,C,C,H,F,2020-02-01T00:00:00Z,7,4.468,NA,1,12,H1,28,29,71,15,20.062,20.905,20.793,clear,21.18411111,30,12,H9,0.01,0.002409
3760i,3760,306,H,C,C,M,2020-02-07T00:00:00Z,5,3.262,NA,2,14,H7,11,14,27,3,21.455,20.905,19.663,clear,20.41122222,15,5,E9,0.000866667,0.001357667
984i,984,57,C,H,H,F,2020-01-01T00:00:00Z,5,4.598,NA,2,17,H7,36,39,87,10,20.877,20.907,20.907,clear,23.29844444,40,15,D4,0.0069,0.00307
760i,760,106,H,C,H,M,2019-12-31T00:00:00Z,1,3.779,NA,2,16,H8,17,19,45,1,21.345,20.932,21.291,clear_after_clahe,24.06788889,20,8,D12,0.002633,0.002566333
1580i,1580,191,C,C,H,M,2020-01-07T00:00:00Z,5,3.357,NA,1,7,B8,43,44,108,6,20.91,20.958,20.614,clear_after_clahe,23.92,45,18,D9,0.000946667,0.001560222
32i,32,2,H,H,H,F,2019-12-19T00:00:00Z,7,3.925,NA,0,17,E8,47,48,114,5,20.086,20.969,20.086,clear,21.34844444,49,19,H7,0.00092,0.001645444
428i,428,10,H,H,C,F,2019-12-29T00:00:00Z,3,6.013,NA,1,16,E1,38,39,95,12,20.86,20.981,20.758,clear,21.52322222,40,16,B1,0.002513,0.001589667
1337i,1337,123,C,C,H,M,2020-01-04T00:00:00Z,7,3.1,NA,0,19,I4,11,14,29,15,22.411,20.981,19.626,clear_after_clahe,21.23988889,15,5,G1,0.001347,0.001357667
3424i,3424,297,H,C,C,M,2020-02-03T00:00:00Z,7,3.521,NA,1,12,F6,1,4,1,16,20.994,20.994,21.125,clear,21.41322222,5,1,D5,0.000453333,0.000988889
973i,973,106,H,C,H,M,2020-01-01T00:00:00Z,5,3.162,NA,2,17,I8,8,9,23,11,21.941,21.002,22.142,clear_after_clahe,27.38455556,10,4,E12,0.001047,0.001893333
333i,333,56,C,H,H,M,2019-12-28T00:00:00Z,1,3.676,NA,1,18,B9,27,29,69,2,21.69,21.004,21.485,clear,21.78322222,30,12,F7,0.001567,0.002409
2626i,2626,272,H,C,H,F,2020-01-26T00:00:00Z,5,6.489,NA,2,2,B5,11,14,28,8,19.544,21.017,21.533,clear,20.87955556,15,5,C12,0.005353,0.001357667
2674i,2674,290,H,C,H,M,2020-01-27T00:00:00Z,5,2.694,NA,1,1,H7,26,29,61,19,22.095,21.028,21.54,clear,21.05455556,30,11,H11,0.002353,0.003033333
2833i,2833,304,H,C,H,M,2020-01-28T00:00:00Z,7,3.437,NA,0,3,E2,42,44,104,6,21.571,21.029,20.822,clear,24.43144444,45,18,E6,0.000813333,0.001560222
3712i,3712,308,H,C,C,F,2020-02-06T00:00:00Z,7,5.146,NA,1,14,E2,13,14,36,5,21.469,21.03,21.856,clear,20.24522222,15,6,C3,0.006047,0.003100333
2964i,2964,315,C,H,H,F,2020-01-30T00:00:00Z,3,5.387,NA,2,1,C6,26,29,64,2,21.656,21.039,21.446,clear,22.49188889,30,11,B5,0.00444,0.003033333
3536i,3536,289,H,C,C,F,2020-02-04T00:00:00Z,7,5.226,NA,1,9,G6,31,34,77,19,20.897,21.041,21.041,clear,17.18766667,35,13,C5,0.03,0.001602333
3744i,3744,271,H,C,C,F,2020-02-07T00:00:00Z,5,5.687,NA,2,14,H9,31,34,73,12,21.041,21.041,21.041,clear,19.00366667,35,13,A4,0.01,0.001602333
296i,296,40,H,H,H,F,2019-12-28T00:00:00Z,3,6.111,NA,1,17,H4,42,44,105,4,22.051,21.041,21.041,clear,21.326,45,18,F11,0.00472,0.001560222
1680i,1680,195,C,H,H,M,2020-01-08T00:00:00Z,3,3.042,NA,2,20,A4,17,19,46,1,21.119,21.045,21.443,clear_after_clahe,26.169,20,8,E9,0.002273,0.002566333
2832i,2832,304,H,C,H,F,2020-01-28T00:00:00Z,1,6.549,NA,0,6,D4,21,24,52,4,19.629,21.051,20.566,clear,21.713,25,9,A8,0.00184,0.002126667
2163i,2163,187,C,C,C,F,2020-01-18T00:00:00Z,1,7.454,NA,0,20,H2,37,39,94,4,21.111,21.051,21.196,clear,21.47172222,40,16,H3,0.006433,0.001589667
1505i,1505,191,C,C,H,M,2020-01-06T00:00:00Z,3,3.085,NA,1,20,D1,2,4,7,10,20.848,21.055,21.395,clear,21.20211111,5,2,G11,0.000686667,0.002135667
414i,414,30,H,C,C,M,2019-12-29T00:00:00Z,1,3.828,NA,1,8,I2,32,34,79,1,20.594,21.059,21.47,clear,20.32988889,35,14,G7,0.001333,0.003578
539i,539,79,H,C,H,F,2019-12-30T00:00:00Z,5,5.299,NA,0,19,E4,26,29,61,3,21,21.06,21.624,clear,21.05455556,30,11,E2,0.00252,0.003033333
2635i,2635,275,H,C,H,F,2020-01-27T00:00:00Z,1,6.068,NA,0,6,G8,6,9,14,4,20.592,21.061,21.857,clear,20.51455556,10,3,C1,0.005953,0.004886333
2142i,2142,191,C,C,C,M,2020-01-17T00:00:00Z,3,4.208,NA,1,8,F7,7,9,17,12,22.66,21.072,21.622,clear,23.17555556,10,3,H5,0.000853333,0.004886333
1096i,1096,92,H,C,H,F,2020-01-02T00:00:00Z,7,4.509,NA,1,20,C1,21,24,50,6,21.645,21.087,20.889,clear,23.04711111,25,9,G1,0.000993333,0.002126667
4069i,4069,360,C,C,C,M,2020-02-17T00:00:00Z,7,3.497,NA,1,15,G6,42,44,104,4,21.095,21.095,21.875,clear,24.43144444,45,18,H12,0.001193,0.001560222
4022i,4022,357,C,C,C,F,2020-02-14T00:00:00Z,3,6.537,NA,1,13,H3,26,29,62,19,20.123,21.099,20.603,clear,21.32666667,30,11,D4,0.002853,0.003033333
3733i,3733,319,C,H,C,F,2020-02-06T00:00:00Z,1,7.012,NA,0,12,G6,26,29,62,1,21.363,21.099,21.099,clear,21.32666667,30,11,E3,0.002513,0.003033333
486i,486,34,H,C,C,M,2019-12-30T00:00:00Z,1,3.609,NA,3,21,B5,41,44,101,12,21.145,21.101,20.629,clear,22.381,45,17,G6,0.002073,0.003039778
3139i,3139,219,H,H,C,F,2020-01-31T00:00:00Z,7,5.413,NA,0,11,G2,23,24,60,12,21.389,21.101,21.125,clear,23.88422222,25,10,E7,0.003793,0.001974667
2084i,2084,151,C,C,C,F,2020-01-15T00:00:00Z,7,5.531,NA,2,8,F3,37,39,93,17,21.121,21.102,21.071,clear,21.29533333,40,16,E11,0.005047,0.001589667
215i,215,33,C,H,H,M,2019-12-27T00:00:00Z,1,3.336,NA,1,18,I3,28,29,71,6,20.325,21.104,20.078,clear,21.18411111,30,12,F1,0.00158,0.002409
3892i,3892,349,C,C,C,F,2020-02-10T00:00:00Z,5,6.69,NA,1,13,D3,26,29,61,2,21.864,21.104,21.084,clear,21.05455556,30,11,G2,0.01,0.003033333
2374i,2374,228,H,H,H,M,2020-01-21T00:00:00Z,1,3.833,NA,0,8,F8,7,9,18,10,19.878,21.108,21.108,clear,23.40777778,10,3,C7,0.00244,0.004886333
2019i,2019,151,C,C,C,M,2020-01-14T00:00:00Z,1,4.135,NA,2,19,A7,31,34,76,8,20.114,21.108,20.838,clear,20.86737778,35,13,G7,0.001207,0.001602333
2763i,2763,284,C,H,H,M,2020-01-28T00:00:00Z,1,3.108,NA,1,6,C4,31,34,75,15,20.606,21.108,21.595,clear,18.875,35,13,F8,0.003053,0.001602333
1820i,1820,106,H,C,C,F,2020-01-10T00:00:00Z,1,5.736,NA,2,19,F4,32,34,79,8,21.108,21.108,21.801,clear,20.32988889,35,14,H11,0.002407,0.003578
427i,427,10,H,H,C,F,2019-12-29T00:00:00Z,1,6.239,NA,1,8,H7,12,14,32,3,21.108,21.108,21.622,clear,20.423,15,6,B9,0.004947,0.003100333
2595i,2595,268,C,H,H,M,2020-01-26T00:00:00Z,3,3.102,NA,1,6,A8,31,34,76,17,21.108,21.108,21.108,clear,20.86737778,35,13,E10,0.002607,0.001602333
1567i,1567,182,C,H,H,M,2020-01-07T00:00:00Z,7,2.953,NA,1,7,C9,22,24,56,14,21.128,21.108,21.908,clear,22.14844444,25,10,H1,0.001807,0.001974667
2911i,2911,317,C,H,H,F,2020-01-29T00:00:00Z,3,4.975,NA,1,1,G6,6,9,17,10,20.604,21.111,20.972,clear,23.17555556,10,3,G8,0.008553,0.004886333
355i,355,2,H,H,C,F,2019-12-28T00:00:00Z,1,5.52,NA,0,18,D2,33,34,83,2,21.598,21.111,21.361,clear,20.79366667,35,14,B6,0.01,0.003578
1868i,1868,128,C,C,C,M,2020-01-11T00:00:00Z,3,3.056,NA,2,21,D2,36,39,89,16,21.782,21.111,22.074,clear,22.67577778,40,15,D2,0.00204,0.00307
3494i,3494,284,C,H,C,M,2020-02-04T00:00:00Z,3,2.944,NA,1,11,E1,27,29,67,14,22.231,21.111,21.74,clear,21.08022222,30,12,G3,0.00108,0.002409
3706i,3706,307,H,C,C,F,2020-02-06T00:00:00Z,1,6.88,NA,2,11,C3,3,4,12,1,19.89,21.112,20.928,clear,21.25233333,5,2,C6,0.01,0.002135667
435i,435,6,H,H,C,M,2019-12-29T00:00:00Z,5,2.578,NA,3,20,F9,16,19,40,11,21.383,21.114,20.642,clear,19.17588889,20,7,H11,0.001187,0.002569889
2826i,2826,303,H,C,H,F,2020-01-28T00:00:00Z,5,6.059,NA,0,1,B8,3,4,12,8,22.2,21.115,22.139,clear,21.25233333,5,2,F12,0.005907,0.002135667
239i,239,5,H,H,C,M,2019-12-27T00:00:00Z,3,3.22,NA,2,18,I4,11,14,29,12,21.391,21.122,21.055,clear,21.23988889,15,5,C10,0.000646667,0.001357667
1664i,1664,208,C,C,H,M,2020-01-08T00:00:00Z,3,3.321,NA,1,20,A8,1,4,4,8,21.652,21.125,21.473,clear,20.56577778,5,1,H1,0.00214,0.000988889
2900i,2900,313,C,H,H,M,2020-01-29T00:00:00Z,3,2.85,NA,2,1,G4,36,39,85,17,20.6,21.127,20.721,clear,21.97466667,40,15,H10,0.00106,0.00307
4100i,4100,369,C,C,H,F,2020-02-19T00:00:00Z,1,5.9,NA,1,15,D5,6,9,16,10,21.481,21.127,23.142,clear,19.43422222,10,3,G11,0.00274,0.004886333
467i,467,14,H,H,C,F,2019-12-30T00:00:00Z,5,5.452,NA,3,20,E1,47,48,116,2,20.86,21.128,21.084,clear,23.26177778,49,20,B7,0.00407,0.000611111
838i,838,24,H,H,C,F,2020-01-01T00:00:00Z,3,4.733,NA,0,20,E3,1,4,5,10,21.128,21.128,21.128,clear,21.13577778,5,1,C8,0.0047,0.000988889
3294i,3294,365,C,C,H,M,2020-02-02T00:00:00Z,1,3.608,NA,0,4,C3,2,4,5,11,21.128,21.128,21.128,clear,21.13577778,5,1,C7,0.00098,0.000988889
2413i,2413,231,H,H,H,F,2020-01-22T00:00:00Z,5,4.829,NA,1,5,G6,22,24,57,2,21.128,21.128,20.612,clear,23.50977778,25,10,F1,0.01,0.001974667
3508i,3508,298,H,C,C,F,2020-02-04T00:00:00Z,5,6.692,NA,1,10,C8,21,24,52,1,20.298,21.135,21.135,clear,21.713,25,9,G12,0.0058,0.002126667
3613i,3613,271,H,C,C,M,2020-02-05T00:00:00Z,1,3.188,NA,2,3,A2,38,39,94,14,21.155,21.135,21.155,clear,21.47172222,40,16,C4,0.000773333,0.001589667
2334i,2334,193,C,C,C,F,2020-01-21T00:00:00Z,3,6.387,NA,0,7,H2,38,39,94,17,21.155,21.135,21.155,clear,21.47172222,40,16,C5,0.005513,0.001589667
3665i,3665,276,H,C,C,M,2020-02-06T00:00:00Z,3,3.537,NA,1,10,E3,8,9,24,5,22.064,21.136,21.084,clear_after_clahe,29.34333333,10,4,H10,0.000786667,0.001893333
237i,237,4,H,H,C,F,2019-12-27T00:00:00Z,7,4.221,NA,1,16,G6,21,24,51,15,20.587,21.137,20.891,clear,21.91977778,25,9,H1,0.003313,0.002126667
3746i,3746,271,H,C,C,M,2020-02-07T00:00:00Z,3,3.629,NA,2,12,E8,11,14,29,16,21.352,21.137,21.544,clear,21.23988889,15,5,H6,0.003833,0.001357667
2499i,2499,259,C,H,H,M,2020-01-24T00:00:00Z,1,3.336,NA,1,8,C6,21,24,51,10,21.649,21.137,21.137,clear,21.91977778,25,9,E8,0.0029,0.002126667
2355i,2355,219,H,H,H,M,2020-01-21T00:00:00Z,3,3.385,NA,0,7,F4,3,4,11,12,22.603,21.137,22.293,clear,16.72211111,5,2,G12,0.001593,0.002135667
200i,200,35,H,C,H,F,2019-12-27T00:00:00Z,1,5.903,NA,3,18,C1,18,19,48,15,21.51,21.14,21.14,clear,23.26977778,20,8,H3,0.002713,0.002566333
2903i,2903,314,C,H,H,F,2020-01-29T00:00:00Z,5,4.27,NA,1,4,I1,11,14,25,10,21.633,21.141,20.633,clear,22.87555556,15,5,F5,0.002467,0.001357667
3426i,3426,298,H,C,C,M,2020-02-03T00:00:00Z,1,4.7,NA,1,3,H4,26,29,63,6,21.652,21.141,21.652,clear_after_clahe,20.80288889,30,11,F10,0.00188,0.003033333
2258i,2258,196,C,H,C,M,2020-01-20T00:00:00Z,3,2.842,NA,0,8,A9,26,29,63,12,21.91,21.141,21.652,clear,20.80288889,30,11,H5,0.0011,0.003033333
2218i,2218,192,C,C,C,F,2020-01-19T00:00:00Z,7,5.522,NA,1,5,E3,38,39,96,17,21.125,21.145,21.125,clear,22.07211111,40,16,B6,0.006387,0.001589667
954i,954,92,H,C,H,M,2020-01-01T00:00:00Z,7,2.49,NA,1,16,F4,22,24,55,15,21.145,21.145,21.241,clear_after_clahe,23.49033333,25,10,H7,0.001007,0.001974667
3434i,3434,357,C,C,H,F,2020-02-04T00:00:00Z,5,4.864,NA,1,10,B10,11,14,28,4,21.145,21.145,21.145,clear,20.87955556,15,5,D12,0.002593,0.001357667
3012i,3012,223,H,H,C,M,2020-01-30T00:00:00Z,3,3.61,NA,0,1,D9,12,14,33,12,21.145,21.145,21.125,clear,23.28877778,15,6,F10,0.00178,0.003100333
3230i,3230,352,C,C,H,F,2020-02-01T00:00:00Z,7,4.723,NA,2,13,B3,36,39,86,11,21.652,21.145,20.895,clear,22.67322222,40,15,G2,0.002107,0.00307
2328i,2328,182,C,H,C,F,2020-01-21T00:00:00Z,3,7.049,NA,1,7,H3,11,14,28,14,21.665,21.145,21.669,clear,20.87955556,15,5,G8,0.008433,0.001357667
3614i,3614,303,H,C,C,M,2020-02-05T00:00:00Z,1,4.224,NA,0,3,A9,23,24,60,10,21.93,21.145,21.665,clear,23.88422222,25,10,B7,0.002467,0.001974667
1628i,1628,63,H,C,C,F,2020-01-08T00:00:00Z,5,4.133,NA,1,21,D6,12,14,33,10,21.93,21.145,21.125,clear,23.28877778,15,6,F2,0.00754,0.003100333
1509i,1509,192,C,C,H,M,2020-01-06T00:00:00Z,7,2.743,NA,1,21,D8,41,44,101,1,22.19,21.145,21.145,clear,22.381,45,17,C2,0.00134,0.003039778
2801i,2801,319,C,H,H,F,2020-01-28T00:00:00Z,5,4.644,NA,0,1,B10,36,39,89,3,20.3,21.146,20.471,clear,22.67577778,40,15,F3,0.01,0.00307
2394i,2394,195,C,H,C,F,2020-01-22T00:00:00Z,5,5.536,NA,2,5,G10,11,14,26,11,21.946,21.148,21.399,clear,21.64188889,15,5,B7,0.008553,0.001357667
2579i,2579,276,H,C,H,M,2020-01-26T00:00:00Z,3,3.785,NA,1,6,A4,36,39,87,1,20.887,21.155,20.887,clear,23.29844444,40,15,A2,0.00097,0.00307
2243i,2243,182,C,H,C,F,2020-01-20T00:00:00Z,7,6.889,NA,1,5,I4,36,39,87,11,21.111,21.155,21.592,clear,23.29844444,40,15,F6,0.004567,0.00307
2226i,2226,215,H,H,H,F,2020-01-19T00:00:00Z,3,5.405,NA,2,8,G9,46,48,110,12,21.155,21.155,21.428,clear,21.59911111,49,19,E1,0.00228,0.001645444
4159i,4159,377,C,C,H,F,2020-02-20T00:00:00Z,5,5.208,NA,1,15,F6,36,39,87,4,21.155,21.155,21.155,clear_after_clahe,23.29844444,40,15,E3,0.00642,0.00307
2784i,2784,313,C,H,H,F,2020-01-28T00:00:00Z,7,4.496,NA,2,3,C7,36,39,87,16,21.155,21.155,21.135,clear,23.29844444,40,15,H7,0.003307,0.00307
2649i,2649,297,H,C,H,M,2020-01-27T00:00:00Z,1,3.614,NA,1,6,F10,16,19,41,8,21.68,21.155,21.155,clear,21.463,20,7,E6,0.002513,0.002569889
3810i,3810,318,C,H,C,F,2020-02-08T00:00:00Z,3,5.47,NA,1,9,I8,11,14,26,1,21.93,21.156,21.314,clear,21.64188889,15,5,D11,0.01,0.001357667
1857i,1857,119,C,H,C,F,2020-01-11T00:00:00Z,1,7.118,NA,2,7,A7,16,19,40,8,21.125,21.158,21.158,clear,19.17588889,20,7,A4,0.005907,0.002569889
1588i,1588,187,C,C,H,F,2020-01-07T00:00:00Z,3,6.117,NA,0,9,B8,6,9,13,6,22.799,21.158,21.454,clear,19.515,10,3,E1,0.01,0.004886333
3176i,3176,239,C,H,C,M,2020-01-31T00:00:00Z,3,3.573,NA,2,4,D3,12,14,30,5,21.69,21.16,21.16,clear,23.90444444,15,5,H8,0.00094,0.001357667
3429i,3429,298,H,C,C,M,2020-02-03T00:00:00Z,7,3.098,NA,1,12,B6,27,29,70,15,21.191,21.191,21.191,clear,22.24755556,30,12,H1,0.0013,0.002409
2933i,2933,304,H,C,H,M,2020-01-29T00:00:00Z,7,2.968,NA,0,5,A2,8,9,23,3,21.203,21.203,22.25,clear,27.38455556,10,4,C9,0.00104,0.001893333
58i,58,10,H,H,H,F,2019-12-21T00:00:00Z,5,4.971,NA,1,17,F9,7,9,18,3,20.114,21.226,21.089,clear,23.40777778,10,3,E5,0.000713333,0.004886333
2578i,2578,276,H,C,H,M,2020-01-26T00:00:00Z,1,2.948,NA,1,5,F3,3,4,12,5,19.629,21.227,17.731,clear,21.25233333,5,2,G9,0.002273,0.002135667
3193i,3193,327,C,H,H,F,2020-02-01T00:00:00Z,3,4.469,NA,0,4,F7,6,9,14,14,21.097,21.258,21.341,clear,20.51455556,10,3,A4,0.00192,0.004886333
2257i,2257,196,C,H,C,M,2020-01-20T00:00:00Z,1,4.191,NA,0,16,A4,1,4,1,8,21.494,21.26,20.994,clear,21.41322222,5,1,B1,0.000846667,0.000988889
2684i,2684,305,H,C,H,M,2020-01-27T00:00:00Z,3,2.981,NA,0,2,G4,3,4,11,16,20.638,21.298,23.355,clear,16.72211111,5,2,C8,0.000673333,0.002135667
2901i,2901,314,C,H,H,F,2020-01-29T00:00:00Z,1,5.144,NA,1,2,I4,17,19,45,3,21.598,21.302,21.322,clear,24.06788889,20,8,F4,0.003233,0.002566333
437i,437,6,H,H,C,F,2019-12-29T00:00:00Z,1,6.376,NA,3,18,H9,16,19,40,10,21.125,21.303,21.158,clear,19.17588889,20,7,G7,0.003067,0.002569889
1335i,1335,123,C,C,H,F,2020-01-04T00:00:00Z,5,5.306,NA,0,20,C5,46,48,111,17,21.104,21.328,21.104,clear,21.88055556,49,19,A6,0.03,0.001645444
3350i,3350,354,C,C,H,F,2020-02-03T00:00:00Z,7,4.472,NA,2,12,E6,13,14,36,3,20.836,21.337,21.857,clear,20.24522222,15,6,E11,0.00848,0.003100333
3064i,3064,327,C,H,H,F,2020-01-31T00:00:00Z,1,5.147,NA,0,1,F7,12,14,32,16,21.108,21.34,21.356,clear,20.423,15,6,E5,0.01,0.003100333
3419i,3419,297,H,C,C,F,2020-02-03T00:00:00Z,3,6.067,NA,1,11,B1,12,14,32,6,21.801,21.34,21.615,clear,20.423,15,6,G7,0.006747,0.003100333
3044i,3044,233,H,H,C,M,2020-01-30T00:00:00Z,7,3.468,NA,1,10,H3,17,19,45,4,19.58,21.341,20.811,clear,24.06788889,20,8,G7,0.002053,0.002566333
3452i,3452,365,C,C,H,F,2020-02-04T00:00:00Z,3,5.77,NA,0,11,E5,28,29,72,15,21.145,21.369,21.145,clear,23.03055556,30,12,D7,0.00388,0.002409
384i,384,79,H,C,H,F,2019-12-29T00:00:00Z,1,6.12,NA,0,8,I7,6,9,17,15,22.66,21.369,21.115,clear,23.17555556,10,3,D8,0.008773,0.004886333
3345i,3345,358,C,C,H,F,2020-02-03T00:00:00Z,7,5.176,NA,0,12,D5,36,39,88,1,21.639,21.381,21.127,clear,21.30088889,40,15,C4,0.00274,0.00307
2359i,2359,223,H,H,H,M,2020-01-21T00:00:00Z,5,2.979,NA,0,5,C4,12,14,34,11,21.648,21.392,21.233,clear,20.47455556,15,6,H9,0.002567,0.003100333
1860i,1860,119,C,H,C,M,2020-01-11T00:00:00Z,5,3.464,NA,2,18,H2,6,9,15,6,22.166,21.392,20.358,clear,21.04077778,10,3,A8,0.001293,0.004886333
2212i,2212,179,H,C,C,F,2020-01-19T00:00:00Z,5,5.836,NA,0,7,G9,17,19,46,19,21.648,21.393,21.09,clear,26.169,20,8,B6,0.009793,0.002566333
3938i,3938,350,C,C,C,M,2020-02-11T00:00:00Z,3,3.49,NA,1,12,A2,27,29,68,19,21.125,21.395,21.652,clear,21.24133333,30,12,A5,0.001447,0.002409
2610i,2610,259,C,H,H,F,2020-01-26T00:00:00Z,3,5.345,NA,1,6,B7,3,4,11,4,21.906,21.395,21.395,clear,16.72211111,5,2,C5,0.09,0.002135667
349i,349,5,H,H,C,F,2019-12-28T00:00:00Z,3,7.031,NA,2,21,C5,3,4,11,1,21.676,21.396,21.652,clear,16.72211111,5,2,B3,0.02,0.002135667
3308i,3308,252,C,H,C,M,2020-02-02T00:00:00Z,1,3.796,NA,2,3,I4,2,4,9,6,21.76,21.397,21.076,clear,22.61666667,5,2,E8,0.000766667,0.002135667
1620i,1620,192,C,C,H,F,2020-01-07T00:00:00Z,3,6.191,NA,1,19,H1,41,44,99,3,21.398,21.398,21.602,clear,24.16844444,45,17,H1,0.00802,0.003039778
3474i,3474,268,C,H,C,M,2020-02-04T00:00:00Z,1,3.886,NA,1,3,H5,21,24,52,16,21.155,21.399,21.111,clear,21.713,25,9,B7,0.00264,0.002126667
2800i,2800,319,C,H,H,F,2020-01-28T00:00:00Z,1,5.427,NA,0,6,C7,7,9,19,14,20.926,21.401,19.528,clear,22.85566667,10,4,H8,0.009393,0.001893333
2723i,2723,299,H,C,H,M,2020-01-27T00:00:00Z,1,4.07,NA,2,6,E9,12,14,33,8,21.369,21.413,21.669,clear,23.28877778,15,6,A7,0.000706667,0.003100333
600i,600,33,C,H,C,F,2019-12-31T00:00:00Z,1,4.959,NA,1,17,A3,11,14,26,17,21.156,21.419,21.131,clear,21.64188889,15,5,C2,0.009793,0.001357667
3225i,3225,350,C,C,H,M,2020-02-01T00:00:00Z,7,3.061,NA,1,12,G5,46,48,110,15,20.134,21.423,20.338,clear,21.59911111,49,19,E4,0.002393,0.001645444
3703i,3703,305,H,C,C,M,2020-02-06T00:00:00Z,5,3.617,NA,0,9,H9,21,24,52,17,21.271,21.423,21.399,clear,21.713,25,9,F5,0.000766667,0.002126667
1938i,1938,119,C,H,C,F,2020-01-13T00:00:00Z,5,5.439,NA,2,20,G7,21,24,53,17,21.9,21.427,21.543,clear,21.75544444,25,9,G9,0.003007,0.002126667
761i,761,106,H,C,H,M,2019-12-31T00:00:00Z,3,3.471,NA,2,16,H3,17,19,45,8,21.088,21.442,20.842,clear_after_clahe,24.06788889,20,8,G12,0.002153,0.002566333
2281i,2281,223,H,H,H,F,2020-01-20T00:00:00Z,1,4.576,NA,0,16,A9,7,9,21,8,20.946,21.449,21.456,clear,22.65855556,10,4,G5,0.002567,0.001893333
4046i,4046,365,C,C,C,F,2020-02-14T00:00:00Z,7,6.291,NA,0,15,A4,27,29,66,16,20.657,21.45,21.704,clear,22.38366667,30,11,B7,0.0077,0.003033333
3013i,3013,223,H,H,C,M,2020-01-30T00:00:00Z,5,3.543,NA,0,4,G1,16,19,38,15,22.243,21.45,22.243,clear,22.34855556,20,7,G1,0.00342,0.002569889
2631i,2631,268,C,H,H,F,2020-01-27T00:00:00Z,5,5.059,NA,1,1,I3,47,48,115,15,21.565,21.467,21.652,clear,21.26333333,49,20,B2,0.000373333,0.000611111
2912i,2912,317,C,H,H,F,2020-01-29T00:00:00Z,7,4.275,NA,1,4,I5,47,48,116,1,21.632,21.488,22.127,clear,23.26177778,49,20,A3,0.00072,0.000611111
3423i,3423,297,H,C,C,M,2020-02-03T00:00:00Z,3,3.242,NA,1,11,A9,17,19,46,5,22.184,21.49,20.086,clear,26.169,20,8,C5,0.002353,0.002566333
2856i,2856,284,C,H,H,M,2020-01-28T00:00:00Z,3,3.105,NA,1,2,B3,1,4,1,15,20.95,21.494,21.494,clear,21.41322222,5,1,C5,0.00004,0.000988889
3334i,3334,262,C,H,C,M,2020-02-02T00:00:00Z,5,3.892,NA,0,11,E8,47,48,113,16,20.076,21.505,21.505,clear_after_clahe,21.324,49,19,B6,0.001333,0.001645444
1029i,1029,39,H,H,C,F,2020-01-02T00:00:00Z,5,4.79,NA,2,7,D10,37,39,91,12,21.649,21.505,21.505,clear,21.53,40,16,H9,0.001073,0.001589667
3797i,3797,305,H,C,C,F,2020-02-08T00:00:00Z,1,6.063,NA,0,10,F6,17,19,43,2,21.641,21.51,20.994,clear,21.49611111,20,8,H12,0.01,0.002566333
2289i,2289,222,H,H,H,F,2020-01-20T00:00:00Z,1,5.489,NA,2,15,I5,28,29,71,19,21.34,21.54,21.328,clear,21.18411111,30,12,H6,0.01,0.002409
2848i,2848,308,H,C,H,F,2020-01-28T00:00:00Z,7,4.852,NA,1,3,E6,37,39,90,17,21.649,21.544,21.137,clear,22.22688889,40,15,B7,0.007987,0.00307
2885i,2885,307,H,C,H,F,2020-01-28T00:00:00Z,1,5.794,NA,2,6,D8,17,19,44,12,20.93,21.549,21.043,clear,23.83822222,20,8,H8,0.004933,0.002566333
3937i,3937,350,C,C,C,M,2020-02-11T00:00:00Z,1,3.933,NA,1,14,F7,17,19,44,1,21.058,21.549,21.518,clear,23.83822222,20,8,H10,0.002153,0.002566333
3623i,3623,315,C,H,C,M,2020-02-05T00:00:00Z,1,3.52,NA,2,3,A8,2,4,8,8,21.756,21.56,22.127,clear,22.69533333,5,2,F6,0.001267,0.002135667
3990i,3990,354,C,C,C,M,2020-02-13T00:00:00Z,3,3.408,NA,2,14,B5,27,29,70,10,22.266,21.562,22.245,clear,22.24755556,30,12,F10,0.001087,0.002409
3141i,3141,221,H,H,C,M,2020-01-31T00:00:00Z,5,3.147,NA,2,4,C5,32,34,78,4,21.458,21.565,21.569,clear,20.25488889,35,13,D8,0.000813333,0.001602333
2294i,2294,222,H,H,H,M,2020-01-20T00:00:00Z,3,2.946,NA,2,7,I4,32,34,78,5,21.532,21.565,20.563,clear,20.25488889,35,13,B4,0.000986667,0.001602333
3928i,3928,344,C,C,C,M,2020-02-11T00:00:00Z,5,4.134,NA,2,14,A8,32,34,78,17,21.565,21.569,21.313,clear,20.25488889,35,13,C1,0.001387,0.001602333
2986i,2986,289,H,C,H,F,2020-01-30T00:00:00Z,5,6.037,NA,1,5,B3,23,24,59,5,21.639,21.588,22.677,clear,20.87455556,25,10,D1,0.007907,0.001974667
2332i,2332,195,C,H,C,M,2020-01-21T00:00:00Z,5,3.021,NA,2,5,D10,31,34,75,5,21.316,21.591,21.591,clear,18.875,35,13,A3,0.001357,0.001602333
59i,59,10,H,H,H,F,2019-12-21T00:00:00Z,7,4.532,NA,1,18,H6,32,34,79,5,22.117,21.596,21.622,clear,20.32988889,35,14,E9,0.005453,0.003578
350i,350,5,H,H,C,F,2019-12-28T00:00:00Z,5,4.922,NA,2,18,B5,17,19,46,16,21.889,21.602,21.393,clear,26.169,20,8,C9,0.01,0.002566333
860i,860,39,H,H,C,M,2020-01-01T00:00:00Z,5,2.764,NA,2,9,E9,11,14,25,16,22.688,21.602,22.18,clear,22.87555556,15,5,D6,0.000506667,0.001357667
3353i,3353,356,C,C,H,F,2020-02-03T00:00:00Z,5,5.624,NA,2,12,G4,6,9,14,5,22.867,21.602,21.597,clear,20.51455556,10,3,F7,0.00222,0.004886333
2627i,2627,272,H,C,H,F,2020-01-26T00:00:00Z,7,5.533,NA,2,1,A5,7,9,18,17,20.529,21.615,21.47,clear,23.40777778,10,3,G6,0.001713,0.004886333
3769i,3769,310,C,H,C,M,2020-02-07T00:00:00Z,7,3.225,NA,2,12,B2,32,34,80,5,20.343,21.619,20.6,clear,18.80166667,35,14,F11,0.00158,0.003578
3290i,3290,357,C,C,H,M,2020-02-02T00:00:00Z,1,3.345,NA,1,4,D7,6,9,17,3,20.167,21.622,21.095,clear,23.17555556,10,3,G12,0.00168,0.004886333
3947i,3947,352,C,C,C,F,2020-02-11T00:00:00Z,5,5.19,NA,2,14,B1,46,48,111,6,21.06,21.624,21.624,clear,21.88055556,49,19,G2,0.01,0.001645444
3934i,3934,349,C,C,C,F,2020-02-11T00:00:00Z,3,7.589,NA,1,12,A1,28,29,71,11,21.104,21.624,21.084,clear,21.18411111,30,12,H8,0.009587,0.002409
479i,479,9,H,H,C,F,2019-12-30T00:00:00Z,1,5.678,NA,2,21,B2,47,48,114,16,21.883,21.624,22.127,clear,21.34844444,49,19,C11,0.0052,0.001645444
3684i,3684,299,H,C,C,M,2020-02-06T00:00:00Z,1,4.205,NA,2,11,C8,16,19,39,3,21.625,21.625,22.127,clear,18.962,20,7,B2,0.0012,0.002569889
3098i,3098,349,C,C,H,M,2020-01-31T00:00:00Z,1,3.712,NA,1,1,F1,3,4,11,17,20.518,21.629,21.141,clear_after_clahe,16.72211111,5,2,H5,0.000633333,0.002135667
3556i,3556,360,C,C,H,F,2020-02-05T00:00:00Z,7,5.402,NA,1,15,A3,2,4,6,17,22.149,21.629,22.102,clear,21.55977778,5,1,E1,0.009587,0.000988889
1747i,1747,211,C,C,H,F,2020-01-09T00:00:00Z,1,6.593,NA,1,7,B4,7,9,19,3,21.128,21.632,21.084,clear,22.85566667,10,4,F8,0.004747,0.001893333
3771i,3771,313,C,H,C,F,2020-02-07T00:00:00Z,5,5.981,NA,2,14,H3,1,4,4,16,21.652,21.633,21.602,clear,20.56577778,5,1,A1,0.00322,0.000988889
2402i,2402,209,C,C,C,M,2020-01-22T00:00:00Z,5,3.999,NA,2,5,H2,3,4,12,3,20.495,21.639,20.866,clear_after_clahe,21.25233333,5,2,C2,0.002313,0.002135667
3657i,3657,271,H,C,C,F,2020-02-06T00:00:00Z,1,5.361,NA,2,11,D1,21,24,49,5,21.639,21.639,22.546,clear,23.32666667,25,9,D4,0.007687,0.002126667
920i,920,58,C,H,H,M,2020-01-01T00:00:00Z,7,2.256,NA,2,19,F8,36,39,85,15,21.639,21.639,21.619,clear_after_clahe,21.97466667,40,15,H11,0.000586667,0.00307
3372i,3372,360,C,C,H,M,2020-02-03T00:00:00Z,7,2.809,NA,1,12,D1,23,24,59,19,22.677,21.639,21.112,clear,20.87455556,25,10,D3,0.002347,0.001974667
3988i,3988,350,C,C,C,F,2020-02-13T00:00:00Z,3,6.372,NA,1,14,B7,27,29,69,10,21.69,21.645,21.92,clear,21.78322222,30,12,B4,0.01,0.002409
864i,864,33,C,H,C,F,2020-01-01T00:00:00Z,3,4.991,NA,1,20,D5,27,29,69,15,21.69,21.645,21.415,clear,21.78322222,30,12,C7,0.007547,0.002409
2978i,2978,342,C,C,H,F,2020-01-30T00:00:00Z,1,6.095,NA,0,1,I10,27,29,69,19,22.208,21.645,22.208,clear,21.78322222,30,12,E12,0.0041,0.002409
1534i,1534,57,C,H,C,M,2020-01-07T00:00:00Z,3,3.813,NA,2,7,A4,13,14,34,15,21.856,21.648,21.352,clear,20.47455556,15,6,E10,0.002167,0.003100333
2528i,2528,250,H,H,H,M,2020-01-24T00:00:00Z,3,2.437,NA,2,5,F4,17,19,46,6,22.164,21.648,22.164,clear,26.169,20,8,D11,0.00236,0.002566333
3257i,3257,250,H,H,C,F,2020-02-01T00:00:00Z,7,5.371,NA,2,13,A9,18,19,47,2,22.984,21.648,21.877,clear,23.19066667,20,8,D3,0.006373,0.002566333
2153i,2153,179,H,C,C,M,2020-01-17T00:00:00Z,1,3.509,NA,0,20,H5,21,24,51,12,20.098,21.649,20.055,clear,21.91977778,25,9,B6,0.000486667,0.002126667
2771i,2771,310,C,H,H,M,2020-01-28T00:00:00Z,3,3.354,NA,2,2,B6,2,4,6,6,20.63,21.649,20.63,clear,21.55977778,5,1,F7,0.00268,0.000988889
3514i,3514,259,C,H,C,M,2020-02-04T00:00:00Z,3,3.663,NA,1,11,D6,42,44,101,4,21.145,21.649,22.19,clear,22.381,45,17,G5,0.000706667,0.003039778
2753i,2753,322,C,C,H,F,2020-01-28T00:00:00Z,7,4.913,NA,1,3,B9,28,29,72,3,21.533,21.649,21.145,clear,23.03055556,30,12,A6,0.002747,0.002409
3021i,3021,231,H,H,C,F,2020-01-30T00:00:00Z,1,6.65,NA,1,2,E4,2,4,6,14,21.649,21.649,21.649,clear,21.55977778,5,1,H9,0.004527,0.000988889
2994i,2994,213,H,H,C,F,2020-01-30T00:00:00Z,7,4.723,NA,2,10,G4,16,19,37,10,21.649,21.649,21.141,clear,22.125,20,7,B1,0.01,0.002569889
1733i,1733,210,C,C,H,F,2020-01-09T00:00:00Z,1,6.068,NA,1,9,B9,41,44,101,5,22.082,21.649,22.082,clear,22.381,45,17,D2,0.00176,0.003039778
3583i,3583,273,H,C,C,F,2020-02-05T00:00:00Z,1,6.344,NA,2,11,B8,2,4,6,11,22.168,21.649,21.907,clear,21.55977778,5,1,C4,0.009867,0.000988889
3493i,3493,284,C,H,C,F,2020-02-04T00:00:00Z,7,5.513,NA,1,9,F9,11,14,29,10,22.264,21.649,21.649,clear,21.23988889,15,5,F2,0.008473,0.001357667
1877i,1877,129,C,C,C,F,2020-01-11T00:00:00Z,1,5.837,NA,1,7,B3,16,19,37,16,22.684,21.649,21.891,clear,22.125,20,7,C9,0.02,0.002569889
2276i,2276,210,C,C,C,M,2020-01-20T00:00:00Z,5,3.771,NA,1,8,C10,42,44,102,12,22.702,21.649,22.082,clear,22.80322222,45,17,A8,0.002287,0.003039778
3124i,3124,306,H,C,H,F,2020-01-31T00:00:00Z,3,5.615,NA,2,4,C4,22,24,56,2,20.353,21.652,19.248,clear,22.14844444,25,10,C5,0.008147,0.001974667
2641i,2641,273,H,C,H,F,2020-01-27T00:00:00Z,7,5.051,NA,2,3,D2,1,4,4,5,21.059,21.652,21.144,clear,20.56577778,5,1,G2,0.009587,0.000988889
1492i,1492,151,C,C,H,F,2020-01-06T00:00:00Z,1,5.953,NA,2,9,B1,26,29,63,2,21.652,21.652,21.652,clear,20.80288889,30,11,E1,0.01,0.003033333
2170i,2170,179,H,C,C,F,2020-01-18T00:00:00Z,1,6.664,NA,0,20,H3,27,29,68,6,22.969,21.652,22.18,clear,21.24133333,30,12,B2,0.00792,0.002409
3521i,3521,262,C,H,C,F,2020-02-04T00:00:00Z,5,5.772,NA,0,10,D2,27,29,67,1,22.048,21.66,21.66,clear,21.08022222,30,12,H10,0.00504,0.002409
3829i,3829,342,C,C,C,M,2020-02-08T00:00:00Z,1,4.36,NA,0,10,F9,21,24,52,2,23.39,21.66,22.22,clear,21.713,25,9,F1,0.000926667,0.002126667
712i,712,70,H,H,H,F,2019-12-31T00:00:00Z,1,4.874,NA,2,16,I8,22,24,58,12,21.165,21.666,21.165,clear,24.96022222,25,10,B2,0.008273,0.001974667
3069i,3069,327,C,H,H,M,2020-01-31T00:00:00Z,7,2.142,NA,0,11,H1,12,14,33,15,21.145,21.669,21.926,clear,23.28877778,15,6,H12,0.01,0.003100333
162i,162,30,H,C,H,F,2019-12-26T00:00:00Z,5,4.895,NA,1,17,G6,41,44,97,16,21.645,21.67,22.208,clear,26.13922222,45,17,E8,0.001287,0.003039778
674i,674,65,H,H,C,M,2019-12-31T00:00:00Z,3,2.31,NA,2,16,H2,47,48,115,11,21.672,21.672,21.352,clear_after_clahe,21.26333333,49,20,A9,0.000593333,0.000611111
2205i,2205,181,H,C,C,F,2020-01-19T00:00:00Z,5,6.45,NA,2,7,G7,27,29,66,2,20.648,21.684,21.947,clear,22.38366667,30,11,C7,0.01,0.003033333
2463i,2463,238,H,C,H,M,2020-01-23T00:00:00Z,5,3.707,NA,2,6,H8,7,9,20,4,21.69,21.69,21.69,clear_after_clahe,25.31988889,10,4,F12,0.001607,0.001893333
806i,806,58,C,H,H,M,2019-12-31T00:00:00Z,3,2.917,NA,2,9,A5,27,29,69,11,21.69,21.69,21.69,clear,21.78322222,30,12,F9,0.001607,0.002409
247i,247,6,H,H,C,M,2019-12-27T00:00:00Z,1,3.169,NA,3,16,C6,41,44,97,10,21.69,21.69,21.69,clear_after_clahe,26.13922222,45,17,G4,0.000613333,0.003039778
2458i,2458,252,C,H,H,M,2020-01-23T00:00:00Z,7,2.405,NA,2,2,E10,21,24,50,16,21.69,21.69,21.67,clear,23.04711111,25,9,D7,0.001473,0.002126667
1881i,1881,129,C,C,C,M,2020-01-11T00:00:00Z,1,3.174,NA,1,18,E8,42,44,103,12,21.69,21.69,20.54,clear_after_clahe,24.86311111,45,18,A2,0.000566667,0.001560222
4334i,4334,369,C,C,C,F,2020-03-02T00:00:00Z,5,6.006,NA,1,15,C5,12,14,31,15,21.227,21.693,21.388,clear,22.05633333,15,6,A4,0.01,0.003100333
1181i,1181,54,H,H,C,M,2020-01-03T00:00:00Z,7,3.185,NA,1,9,C5,6,9,15,4,22.212,21.695,21.034,clear,21.04077778,10,3,C9,0.000973333,0.004886333
3806i,3806,311,C,H,C,F,2020-02-08T00:00:00Z,7,4.986,NA,2,13,C2,22,24,54,11,22.474,21.695,21.956,clear,23.02177778,25,9,C11,0.00646,0.002126667
1920i,1920,123,C,C,C,F,2020-01-12T00:00:00Z,5,5.43,NA,0,21,A6,27,29,66,1,21.704,21.704,21.174,clear_after_clahe,22.38366667,30,11,F5,0.00102,0.003033333
3032i,3032,228,H,H,C,F,2020-01-30T00:00:00Z,1,6.331,NA,0,2,D6,16,19,38,11,21.985,21.704,21.659,clear,22.34855556,20,7,F6,0.005573,0.002569889
1542i,1542,63,H,C,C,F,2020-01-07T00:00:00Z,1,5.602,NA,1,16,G1,16,19,38,1,22.452,21.704,21.947,clear,22.34855556,20,7,H4,0.01,0.002569889
2785i,2785,313,C,H,H,M,2020-01-28T00:00:00Z,1,3.478,NA,2,6,B8,17,19,42,16,19.772,21.722,21.022,clear,21.98511111,20,7,F9,0.01,0.002569889
2521i,2521,238,H,C,H,F,2020-01-24T00:00:00Z,7,4.601,NA,2,2,C4,42,44,106,2,21.184,21.723,21.237,clear,24.35088889,45,18,A1,0.001687,0.001560222
2583i,2583,276,H,C,H,F,2020-01-26T00:00:00Z,3,5.461,NA,1,6,A3,8,9,23,2,24.366,21.724,21.439,clear,27.38455556,10,4,C2,0.00622,0.001893333
4117i,4117,377,C,C,H,M,2020-02-19T00:00:00Z,7,2.419,NA,1,15,E9,17,19,43,11,20.994,21.749,21.749,clear,21.49611111,20,8,H5,0.002353,0.002566333
2849i,2849,308,H,C,H,M,2020-01-28T00:00:00Z,1,3.534,NA,1,6,C10,1,4,1,4,21.51,21.773,21.494,clear_after_clahe,21.41322222,5,1,G7,0.001367,0.000988889
2381i,2381,230,H,H,H,M,2020-01-21T00:00:00Z,7,2.964,NA,2,6,I3,7,9,21,1,20.318,21.785,19.977,clear,22.65855556,10,4,A7,0.00104,0.001893333
2553i,2553,253,C,H,H,F,2020-01-25T00:00:00Z,5,4.434,NA,1,2,F3,31,34,73,17,21.272,21.789,21.041,clear,19.00366667,35,13,H6,0.003327,0.001602333
852i,852,30,H,C,C,F,2020-01-01T00:00:00Z,5,4.751,NA,1,9,E6,32,34,79,6,22.353,21.801,22.007,clear,20.32988889,35,14,H6,0.005153,0.003578
2782i,2782,313,C,H,H,F,2020-01-28T00:00:00Z,1,5.023,NA,2,6,B9,37,39,93,6,22.137,21.815,22.218,clear,21.29533333,40,16,E3,0.001853,0.001589667
3610i,3610,295,H,C,C,F,2020-02-05T00:00:00Z,7,5.185,NA,1,14,I5,32,34,78,6,21.833,21.818,21.833,clear,20.25488889,35,13,C9,0.003273,0.001602333
483i,483,30,H,C,C,M,2019-12-30T00:00:00Z,7,2.251,NA,1,9,F4,26,29,64,19,20.653,21.82,20.645,clear,22.49188889,30,11,B6,0.00402,0.003033333
3339i,3339,347,C,C,H,F,2020-02-03T00:00:00Z,5,4.638,NA,1,13,B1,36,39,86,6,22.691,21.844,22.602,clear,22.67322222,40,15,E7,0.00296,0.00307
429i,429,10,H,H,C,F,2019-12-29T00:00:00Z,5,5.382,NA,1,16,H1,32,34,81,8,21.55,21.851,21.858,clear,20.682,35,14,F7,0.01,0.003578
462i,462,16,H,H,C,F,2019-12-30T00:00:00Z,1,6.643,NA,1,21,C1,31,34,76,4,21.756,21.851,22.083,clear,20.86737778,35,13,B6,0.02,0.001602333
1156i,1156,58,C,H,C,F,2020-01-03T00:00:00Z,7,5.137,NA,2,9,C4,12,14,34,4,21.868,21.856,21.648,clear,20.47455556,15,6,F11,0.002527,0.003100333
665i,665,6,H,H,C,F,2019-12-31T00:00:00Z,7,4.36,NA,3,7,E10,6,9,14,19,20.548,21.857,21.097,clear,20.51455556,10,3,D9,0.008933,0.004886333
3777i,3777,317,C,H,C,F,2020-02-07T00:00:00Z,3,7.348,NA,1,12,F4,42,44,105,19,21.155,21.876,22.013,clear,21.326,45,18,H6,0.00582,0.001560222
719i,719,57,C,H,H,F,2019-12-31T00:00:00Z,1,5.434,NA,2,16,I5,36,39,85,16,22.677,21.877,22.166,clear,21.97466667,40,15,C2,0.005047,0.00307
1535i,1535,57,C,H,C,M,2020-01-07T00:00:00Z,5,2.734,NA,2,7,B6,3,4,10,5,20.597,21.881,21.35,clear,22.52377778,5,2,E6,0.000766667,0.002135667
257i,257,30,H,C,H,M,2019-12-28T00:00:00Z,3,3.322,NA,1,17,G9,21,24,49,11,22.119,21.885,21.885,clear,23.32666667,25,9,F12,0.00074,0.002126667
3174i,3174,239,C,H,C,F,2020-01-31T00:00:00Z,7,6.079,NA,2,11,F6,23,24,60,3,21.665,21.886,21.833,clear,23.88422222,25,10,G8,0.004847,0.001974667
2085i,2085,151,C,C,C,M,2020-01-15T00:00:00Z,5,3.702,NA,2,8,E7,41,44,98,2,21.648,21.889,21.648,clear,26.23411111,45,17,H8,0.00122,0.003039778
2364i,2364,221,H,H,H,M,2020-01-21T00:00:00Z,7,2.27,NA,2,6,I9,6,9,17,1,22.49,21.89,22.383,clear,23.17555556,10,3,B6,0.000913333,0.004886333
1953i,1953,138,C,H,C,M,2020-01-13T00:00:00Z,1,4.259,NA,2,18,G8,21,24,49,16,21.893,21.893,22.408,clear,23.32666667,25,9,H5,0.000593333,0.002126667
2271i,2271,210,C,C,C,F,2020-01-20T00:00:00Z,1,7.047,NA,1,16,B3,38,39,95,14,21.629,21.903,21.629,clear,21.52322222,40,16,F8,0.00326,0.001589667
357i,357,2,H,H,C,F,2019-12-28T00:00:00Z,5,5.192,NA,0,17,A8,11,14,25,3,21.473,21.906,20.418,clear,22.87555556,15,5,B1,0.007353,0.001357667
4008i,4008,365,C,C,C,M,2020-02-13T00:00:00Z,1,3.857,NA,0,11,H8,12,14,33,2,22.19,21.906,21.669,clear,23.28877778,15,6,G6,0.006307,0.003100333
3337i,3337,314,C,H,H,M,2020-02-03T00:00:00Z,3,1.495,NA,1,10,I10,7,9,19,6,23.232,21.91,20.353,clear,22.85566667,10,4,G6,0.00026,0.001893333
3977i,3977,357,C,C,C,M,2020-02-12T00:00:00Z,7,3.366,NA,1,15,D9,43,44,107,12,21.66,21.916,22.148,clear,25.08688889,45,18,C4,0.000606667,0.001560222
4299i,4299,383,C,C,C,F,2020-02-29T00:00:00Z,3,6.48,NA,1,13,D9,27,29,67,15,22.22,21.916,22.2,clear,21.08022222,30,12,F6,0.01,0.002409
4024i,4024,358,C,C,C,F,2020-02-14T00:00:00Z,3,6.525,NA,0,13,H4,21,24,53,1,20.898,21.92,20.89,clear,21.75544444,25,9,C6,0.0049,0.002126667
3439i,3439,360,C,C,H,M,2020-02-04T00:00:00Z,5,3.128,NA,1,10,C1,7,9,20,3,22.762,21.92,22.762,clear,25.31988889,10,4,F6,0.00118,0.001893333
873i,873,40,H,H,C,M,2020-01-01T00:00:00Z,5,3.846,NA,1,9,F1,22,24,55,1,21.93,21.926,21.125,clear,23.49033333,25,10,D6,0.002707,0.001974667
2434i,2434,235,H,H,H,M,2020-01-22T00:00:00Z,1,3.757,NA,0,7,I9,11,14,26,19,22.12,21.93,22.457,clear,21.64188889,15,5,E1,0.002547,0.001357667
3342i,3342,358,C,C,H,F,2020-02-03T00:00:00Z,1,6.081,NA,0,4,A1,1,4,2,16,21.975,21.951,21.975,clear,20.84455556,5,1,H11,0.00152,0.000988889
2727i,2727,295,H,C,H,F,2020-01-27T00:00:00Z,1,4.932,NA,1,6,E10,46,48,109,17,22.743,21.952,22.743,clear,23.05611111,49,19,H1,0.00504,0.001645444
2647i,2647,271,H,C,H,F,2020-01-27T00:00:00Z,7,4.903,NA,2,3,D1,7,9,21,17,21.97,21.97,20.72,clear,22.65855556,10,4,C3,0.009307,0.001893333
3973i,3973,354,C,C,C,M,2020-02-12T00:00:00Z,5,3.701,NA,2,13,G7,7,9,21,16,23.018,21.97,21.324,clear,22.65855556,10,4,A4,0.01,0.001893333
2673i,2673,290,H,C,H,M,2020-01-27T00:00:00Z,3,3.328,NA,1,2,G6,7,9,21,5,24.062,21.97,24.856,clear,22.65855556,10,4,H2,0.001967,0.001893333
2682i,2682,307,H,C,H,M,2020-01-27T00:00:00Z,7,2.986,NA,2,3,D5,27,29,65,15,21.753,22.003,21.989,clear_after_clahe,23.90366667,30,11,E9,0.001433,0.003033333
3894i,3894,349,C,C,C,M,2020-02-10T00:00:00Z,1,4.352,NA,1,10,A7,1,4,1,5,22.568,22.011,22.289,clear,21.41322222,5,1,E11,0.00666,0.000988889
2640i,2640,273,H,C,H,F,2020-01-27T00:00:00Z,1,5.361,NA,2,6,G10,42,44,105,5,23.102,22.013,22.051,clear,21.326,45,18,C12,0.00056,0.001560222
2557i,2557,260,C,H,H,F,2020-01-25T00:00:00Z,7,5.139,NA,1,1,I1,17,19,42,10,21.353,22.028,21.481,clear,21.98511111,20,7,D2,0.004207,0.002569889
2752i,2752,322,C,C,H,F,2020-01-28T00:00:00Z,1,5.829,NA,1,6,B5,8,9,22,1,24.285,22.028,22.561,clear,22.11688889,10,4,D8,0.004367,0.001893333
3476i,3476,268,C,H,C,M,2020-02-04T00:00:00Z,7,3.806,NA,1,9,F6,42,44,105,15,22.051,22.031,22.502,clear_after_clahe,21.326,45,18,D11,0.00038,0.001560222
631i,631,24,H,H,C,F,2019-12-31T00:00:00Z,1,5.652,NA,0,16,I3,42,44,105,1,22.051,22.031,22.436,clear,21.326,45,18,H11,0.01,0.001560222
3678i,3678,295,H,C,C,F,2020-02-06T00:00:00Z,3,5.859,NA,1,10,E5,46,48,111,14,22.659,22.039,22.127,clear,21.88055556,49,19,H11,0.02,0.001645444
3268i,3268,323,C,H,H,F,2020-02-02T00:00:00Z,5,5.498,NA,2,11,F4,13,14,35,17,22.231,22.05,22.124,clear,22.43944444,15,6,H2,0.00014,0.003100333
3076i,3076,331,C,H,H,F,2020-01-31T00:00:00Z,1,5.739,NA,1,1,F8,42,44,105,10,22.051,22.051,22.571,clear,21.326,45,18,D12,0.00496,0.001560222
3697i,3697,304,H,C,C,F,2020-02-06T00:00:00Z,5,5.671,NA,0,9,H8,22,24,57,14,21.632,22.064,21.108,clear,23.50977778,25,10,E2,0.005207,0.001974667
855i,855,35,H,C,C,F,2020-01-01T00:00:00Z,3,5.542,NA,3,20,D4,22,24,56,11,22.152,22.064,21.888,clear_after_clahe,22.14844444,25,10,B5,0.001447,0.001974667
38i,38,5,H,H,H,F,2019-12-19T00:00:00Z,7,4.678,NA,2,17,G8,2,4,10,16,22.893,22.07,23.08,clear,22.52377778,5,2,H7,0.002353,0.002135667
1622i,1622,79,H,C,C,F,2020-01-08T00:00:00Z,1,6.807,NA,0,20,B8,31,34,76,1,23.176,22.083,23.115,clear,20.86737778,35,13,C11,0.005467,0.001602333
898i,898,50,H,C,C,F,2020-01-01T00:00:00Z,5,5.695,NA,2,8,G10,1,4,3,10,22.092,22.092,22.108,clear,21.94944444,5,1,E8,0.002173,0.000988889
2888i,2888,284,C,H,H,F,2020-01-29T00:00:00Z,3,4.821,NA,1,1,G3,17,19,44,6,22.327,22.093,22.737,clear,23.83822222,20,8,F7,0.00336,0.002566333
1851i,1851,209,C,C,H,F,2020-01-10T00:00:00Z,5,6.271,NA,2,19,A8,26,29,61,17,22.926,22.095,22.611,clear,21.05455556,30,11,F1,0.004273,0.003033333
2363i,2363,221,H,H,H,M,2020-01-21T00:00:00Z,5,2.671,NA,2,5,C2,32,34,82,16,22.104,22.104,21.92,clear,20.78366667,35,14,G12,0.002407,0.003578
3087i,3087,342,C,C,H,F,2020-01-31T00:00:00Z,3,4.755,NA,0,4,H5,33,34,82,15,23.158,22.104,23.158,clear,20.78366667,35,14,H12,0.00148,0.003578
2966i,2966,318,C,H,H,F,2020-01-30T00:00:00Z,3,5.406,NA,1,1,C5,13,14,36,10,22.115,22.115,21.461,clear,20.24522222,15,6,D12,0.004987,0.003100333
1861i,1861,119,C,H,C,M,2020-01-11T00:00:00Z,7,3.275,NA,2,20,G2,13,14,36,8,22.376,22.115,22.175,clear,20.24522222,15,6,E3,0.001347,0.003100333
3120i,3120,351,C,C,H,M,2020-01-31T00:00:00Z,1,3.241,NA,1,1,E4,7,9,18,19,22.121,22.121,22.574,clear,23.40777778,10,3,E3,0.00174,0.004886333
3968i,3968,347,C,C,C,M,2020-02-12T00:00:00Z,7,2.959,NA,1,15,E5,7,9,18,14,22.121,22.121,22.121,clear_after_clahe,23.40777778,10,3,H4,0.000973333,0.004886333
1273i,1273,138,C,H,H,M,2020-01-03T00:00:00Z,1,3.738,NA,2,20,D6,31,34,76,16,22.121,22.121,22.121,clear,20.86737778,35,13,D10,0.007433,0.001602333
2836i,2836,305,H,C,H,F,2020-01-28T00:00:00Z,1,5.811,NA,0,6,D3,32,34,79,19,22.121,22.121,21.622,clear,20.32988889,35,14,H10,0.007493,0.003578
666i,666,1,H,H,C,F,2019-12-31T00:00:00Z,7,4.89,NA,1,7,F1,12,14,32,5,22.639,22.121,22.117,clear,20.423,15,6,F12,0.002607,0.003100333
1589i,1589,187,C,C,H,F,2020-01-07T00:00:00Z,5,5.708,NA,0,7,B1,7,9,18,2,24.76,22.121,22.121,clear,23.40777778,10,3,G9,0.00738,0.004886333
2783i,2783,313,C,H,H,F,2020-01-28T00:00:00Z,3,5.09,NA,2,2,A6,26,29,61,14,19.782,22.127,21.548,clear,21.05455556,30,11,F12,0.003053,0.003033333
4103i,4103,369,C,C,H,F,2020-02-19T00:00:00Z,7,4.22,NA,1,15,G1,46,48,111,19,22.147,22.127,22.147,clear,21.88055556,49,19,F3,0.001513,0.001645444
2744i,2744,294,H,C,H,F,2020-01-27T00:00:00Z,1,7.016,NA,0,6,E4,47,48,114,4,22.543,22.127,22.147,clear,21.34844444,49,19,A4,0.006653,0.001645444
1570i,1570,181,H,C,H,F,2020-01-07T00:00:00Z,3,5.095,NA,2,9,C2,2,4,8,19,22.131,22.131,22.131,clear,22.69533333,5,2,G1,0.001493,0.002135667
3704i,3704,305,H,C,C,M,2020-02-06T00:00:00Z,7,3.241,NA,0,14,E9,46,48,113,5,21.369,22.138,22.138,clear,21.324,49,19,C10,0.00248,0.001645444
2580i,2580,276,H,C,H,M,2020-01-26T00:00:00Z,5,2.793,NA,1,2,C5,27,29,69,14,21.67,22.138,21.932,clear,21.78322222,30,12,F4,0.001147,0.002409
505i,505,34,H,C,C,M,2019-12-30T00:00:00Z,5,2.642,NA,3,20,G1,11,14,28,19,21.93,22.138,22.586,clear,20.87955556,15,5,D7,0.00056,0.001357667
3763i,3763,304,H,C,C,M,2020-02-07T00:00:00Z,3,2.996,NA,0,12,E3,46,48,113,17,22.028,22.138,22.138,clear,21.324,49,19,C3,0.001253,0.001645444
2479i,2479,239,C,H,H,M,2020-01-23T00:00:00Z,1,3.872,NA,2,7,F8,22,24,55,6,22.97,22.138,22.454,clear,23.49033333,25,10,G1,0.000626667,0.001974667
2341i,2341,209,C,C,C,M,2020-01-21T00:00:00Z,7,3.007,NA,2,5,E8,7,9,20,19,23.411,22.138,20.996,clear,25.31988889,10,4,G12,0.00122,0.001893333
480i,480,9,H,H,C,F,2019-12-30T00:00:00Z,3,5.421,NA,2,17,C3,46,48,111,11,21.624,22.147,21.864,clear,21.88055556,49,19,E3,0.002313,0.001645444
3578i,3578,272,H,C,C,F,2020-02-05T00:00:00Z,1,6.524,NA,2,11,B7,26,29,61,6,22.147,22.147,22.147,clear,21.05455556,30,11,C2,0.00584,0.003033333
2213i,2213,179,H,C,C,M,2020-01-19T00:00:00Z,7,2.719,NA,0,5,E4,26,29,61,5,22.147,22.147,21.608,clear,21.05455556,30,11,C3,0.0006,0.003033333
3756i,3756,308,H,C,C,F,2020-02-07T00:00:00Z,3,5.585,NA,1,12,C1,46,48,111,4,22.91,22.147,22.039,clear,21.88055556,49,19,F2,0.007133,0.001645444
4020i,4020,356,C,C,C,M,2020-02-14T00:00:00Z,5,3.809,NA,2,15,C6,46,48,111,16,23.454,22.147,22.147,clear,21.88055556,49,19,H2,0.002813,0.001645444
840i,840,24,H,H,C,F,2020-01-01T00:00:00Z,7,4.933,NA,0,18,A9,21,24,51,5,21.122,22.149,21.122,clear,21.91977778,25,9,C7,0.003453,0.002126667
594i,594,57,C,H,H,M,2019-12-30T00:00:00Z,1,3.731,NA,2,21,C2,26,29,64,8,22.149,22.149,22.149,clear,22.49188889,30,11,D11,0.00146,0.003033333
3310i,3310,252,C,H,C,M,2020-02-02T00:00:00Z,5,3.44,NA,2,11,E9,37,39,92,17,21.054,22.152,21.663,clear,21.82922222,40,16,A7,0.003533,0.001589667
195i,195,34,H,C,H,F,2019-12-27T00:00:00Z,3,4.779,NA,3,16,C3,13,14,34,5,22.152,22.152,22.172,clear,20.47455556,15,6,A3,0.002977,0.003100333
3581i,3581,272,H,C,C,M,2020-02-05T00:00:00Z,5,3.728,NA,2,12,D8,22,24,57,8,22.96,22.152,21.401,clear,23.50977778,25,10,C1,0.001807,0.001974667
1627i,1627,63,H,C,C,F,2020-01-08T00:00:00Z,3,6.136,NA,1,19,F5,3,4,12,19,22.458,22.157,22.4,clear,21.25233333,5,2,B1,0.01,0.002135667
2915i,2915,319,C,H,H,M,2020-01-29T00:00:00Z,3,3.084,NA,0,1,F4,23,24,59,8,21.381,22.158,21.588,clear,20.87455556,25,10,F8,0.003233,0.001974667
2768i,2768,310,C,H,H,F,2020-01-28T00:00:00Z,1,5.497,NA,2,6,C3,33,34,84,15,21.598,22.163,21.863,clear,20.79366667,35,14,C5,0.01,0.003578
4026i,4026,358,C,C,C,F,2020-02-14T00:00:00Z,7,6.345,NA,0,15,B4,12,14,29,4,21.137,22.168,21.598,clear,21.23988889,15,5,F4,0.003027,0.001357667
2141i,2141,191,C,C,C,F,2020-01-17T00:00:00Z,7,6.174,NA,1,7,G4,42,44,102,2,21.145,22.17,22.45,clear,22.80322222,45,17,D9,0.01,0.003039778
2259i,2259,196,C,H,C,M,2020-01-20T00:00:00Z,5,3.496,NA,0,8,B4,22,24,55,19,22.138,22.17,21.665,clear,23.49033333,25,10,A5,0.00364,0.001974667
3008i,3008,223,H,H,C,F,2020-01-30T00:00:00Z,1,6.008,NA,0,2,E2,1,4,5,14,22.172,22.172,22.172,clear,21.13577778,5,1,D1,0.00362,0.000988889
3773i,3773,313,C,H,C,M,2020-02-07T00:00:00Z,1,3.875,NA,2,21,F5,22,24,57,15,22.684,22.172,22.172,clear,23.50977778,25,10,C10,0.002927,0.001974667
619i,619,34,H,C,C,F,2019-12-31T00:00:00Z,7,4.042,NA,3,7,D7,11,14,25,15,22.691,22.172,22.18,clear,22.87555556,15,5,F6,0.006793,0.001357667
2675i,2675,290,H,C,H,F,2020-01-27T00:00:00Z,1,6.093,NA,1,6,F3,38,39,95,6,22.508,22.176,22.219,clear,21.52322222,40,16,F11,0.005233,0.001589667
3893i,3893,349,C,C,C,F,2020-02-10T00:00:00Z,7,6.315,NA,1,13,F8,16,19,37,1,22.688,22.176,21.907,clear,22.125,20,7,D12,0.003407,0.002569889
248i,248,1,H,H,C,F,2019-12-27T00:00:00Z,1,5.906,NA,1,16,B4,12,14,29,19,22.83,22.176,22.303,clear,21.23988889,15,5,C9,0.001273,0.001357667
2938i,2938,213,H,H,C,M,2020-01-29T00:00:00Z,1,3.821,NA,2,2,I5,21,24,52,14,21.423,22.18,21.66,clear,21.713,25,9,G3,0.00146,0.002126667
3190i,3190,324,C,H,H,F,2020-02-01T00:00:00Z,3,5.804,NA,1,4,F6,18,19,46,12,21.898,22.18,22.164,clear,26.169,20,8,B7,0.007473,0.002566333
4245i,4245,383,C,C,C,F,2020-02-28T00:00:00Z,7,3.43,NA,1,15,B8,21,24,52,8,22.2,22.18,22.2,clear,21.713,25,9,C8,0.001433,0.002126667
2169i,2169,187,C,C,C,M,2020-01-18T00:00:00Z,7,3.035,NA,0,8,D8,38,39,94,8,22.2,22.18,22.2,clear,21.47172222,40,16,G6,0.000726667,0.001589667
2556i,2556,260,C,H,H,F,2020-01-25T00:00:00Z,5,4.992,NA,1,2,F2,41,44,100,15,23.794,22.18,23.266,clear,24.20644444,45,17,A1,0.000533333,0.003039778
2889i,2889,284,C,H,H,F,2020-01-29T00:00:00Z,5,5.045,NA,1,3,F4,46,48,113,6,20.556,22.19,21.649,clear,21.324,49,19,A8,0.00226,0.001645444
3731i,3731,317,C,H,C,M,2020-02-06T00:00:00Z,5,3.638,NA,1,9,I4,28,29,72,13,22.19,22.19,22.19,clear,23.03055556,30,12,F11,0.001387,0.002409
3202i,3202,344,C,C,H,F,2020-02-01T00:00:00Z,1,5.65,NA,2,1,C2,38,39,96,14,22.73,22.19,21.926,clear,22.07211111,40,16,E4,0.005893,0.001589667
987i,987,65,H,H,H,M,2020-01-01T00:00:00Z,3,2.713,NA,2,20,F4,23,24,60,2,24.576,22.19,24.347,clear_after_clahe,23.88422222,25,10,H5,0.001407,0.001974667
595i,595,57,C,H,H,M,2019-12-30T00:00:00Z,3,3.357,NA,2,17,B3,42,44,102,15,21.729,22.198,21.289,clear,22.80322222,45,17,H9,0.001253,0.003039778
541i,541,79,H,C,H,M,2019-12-30T00:00:00Z,5,2.984,NA,0,19,C4,46,48,110,17,21.391,22.2,21.423,clear,21.59911111,49,19,E2,0.00228,0.001645444
3161i,3161,235,H,H,C,F,2020-01-31T00:00:00Z,1,6.103,NA,0,1,E5,38,39,94,6,21.676,22.2,21.676,clear,21.47172222,40,16,E10,0.002053,0.001589667
910i,910,65,H,H,C,F,2020-01-01T00:00:00Z,5,5.404,NA,2,9,F2,43,44,107,10,22.2,22.2,22.741,clear,25.08688889,45,18,H3,0.00708,0.001560222
2439i,2439,250,H,H,H,F,2020-01-22T00:00:00Z,7,5.234,NA,2,5,I8,41,44,100,4,22.2,22.2,22.461,clear,24.20644444,45,17,F4,0.001753,0.003039778
3698i,3698,304,H,C,C,F,2020-02-06T00:00:00Z,7,5.081,NA,0,14,E7,27,29,67,19,22.2,22.2,22.2,clear,21.08022222,30,12,H11,0.0063,0.002409
2928i,2928,299,H,C,H,F,2020-01-29T00:00:00Z,5,5.154,NA,2,4,I9,43,44,108,19,22.204,22.204,22.452,clear,23.92,45,18,C8,0.002253,0.001560222
432i,432,16,H,H,C,M,2019-12-29T00:00:00Z,1,3.841,NA,1,18,I7,7,9,20,2,22.93,22.208,20.54,clear_after_clahe,25.31988889,10,4,C5,0.000766667,0.001893333
2588i,2588,273,H,C,H,F,2020-01-26T00:00:00Z,5,5.303,NA,2,2,C7,6,9,15,2,18.082,22.212,20.097,clear,21.04077778,10,3,G5,0.002853,0.004886333
2604i,2604,297,H,C,H,M,2020-01-26T00:00:00Z,3,2.825,NA,1,6,A7,18,19,48,6,22.212,22.212,22.103,clear,23.26977778,20,8,C8,0.002413,0.002566333
2135i,2135,191,C,C,C,F,2020-01-16T00:00:00Z,1,6.69,NA,1,20,I3,22,24,54,19,23.063,22.217,23.063,clear,23.02177778,25,9,D8,0.009307,0.002126667
4007i,4007,365,C,C,C,F,2020-02-13T00:00:00Z,1,6.651,NA,0,11,H7,13,14,34,2,21.128,22.232,22.172,clear,20.47455556,15,6,F4,0.01,0.003100333
3150i,3150,228,H,H,C,F,2020-01-31T00:00:00Z,5,5.653,NA,0,4,A9,21,24,52,19,22.741,22.235,22.713,clear,21.713,25,9,D9,0.00316,0.002126667
529i,529,56,C,H,H,F,2019-12-30T00:00:00Z,7,3.011,NA,1,9,D8,11,14,27,14,22.773,22.235,22.506,clear,20.41122222,15,5,A3,0.001893,0.001357667
3721i,3721,318,C,H,C,M,2020-02-06T00:00:00Z,5,2.96,NA,1,9,I2,22,24,58,4,21.977,22.238,21.964,clear,24.96022222,25,10,G7,0.003327,0.001974667
3910i,3910,323,C,H,C,F,2020-02-11T00:00:00Z,7,6.156,NA,2,14,A1,22,24,54,2,22.238,22.238,22.238,clear,23.02177778,25,9,G7,0.0033,0.002126667
3662i,3662,273,H,C,C,F,2020-02-06T00:00:00Z,3,6.264,NA,2,10,E2,21,24,51,3,21.797,22.243,21.797,clear,21.91977778,25,9,F7,0.000813333,0.002126667
1610i,1610,151,C,C,H,M,2020-01-07T00:00:00Z,7,2.674,NA,2,7,C10,8,9,23,19,22.495,22.25,22.792,clear,27.38455556,10,4,D1,0.0009,0.001893333
34i,34,4,H,H,H,F,2019-12-19T00:00:00Z,7,4.075,NA,1,17,H3,27,29,70,6,22.266,22.266,21.722,clear,22.24755556,30,12,A4,0.005507,0.002409
3137i,3137,219,H,H,C,F,2020-01-31T00:00:00Z,3,5.761,NA,0,4,E2,13,14,36,16,22.115,22.279,21.93,clear,20.24522222,15,6,D11,0.01,0.003100333
3231i,3231,239,C,H,C,F,2020-02-01T00:00:00Z,5,4.405,NA,2,10,I3,42,44,105,6,22.806,22.32,22.419,clear,21.326,45,18,G8,0.000433333,0.001560222
2339i,2339,210,C,C,C,F,2020-01-21T00:00:00Z,3,6.515,NA,1,7,H4,2,4,10,17,22.626,22.327,22.538,clear,22.52377778,5,2,B6,0.001787,0.002135667
3774i,3774,314,C,H,C,F,2020-02-07T00:00:00Z,1,6.45,NA,1,13,A7,12,14,30,3,22.651,22.335,22.645,clear,23.90444444,15,5,B6,0.02,0.001357667
2645i,2645,271,H,C,H,F,2020-01-27T00:00:00Z,3,5.617,NA,2,2,F7,41,44,101,6,21.729,22.342,21.729,clear,22.381,45,17,E12,0.006153,0.003039778
3611i,3611,295,H,C,C,M,2020-02-05T00:00:00Z,1,2.785,NA,1,3,A1,1,4,3,4,22.32,22.353,22.092,clear,21.94944444,5,1,G9,0.000646667,0.000988889
2930i,2930,304,H,C,H,F,2020-01-29T00:00:00Z,3,5.565,NA,0,1,F5,31,34,74,16,21.22,22.358,21.598,clear,19.76166667,35,13,D1,0.004167,0.001602333
283i,283,35,H,C,H,F,2019-12-28T00:00:00Z,5,5.421,NA,3,17,D3,13,14,35,19,22.124,22.358,22.124,clear,22.43944444,15,6,D8,0.002147,0.003100333
2295i,2295,222,H,H,H,M,2020-01-20T00:00:00Z,5,2.852,NA,2,8,B3,17,19,45,17,22.596,22.358,22.635,clear,24.06788889,20,8,D5,0.002613,0.002566333
1738i,1738,210,C,C,H,M,2020-01-09T00:00:00Z,7,2.766,NA,1,18,H1,8,9,22,12,23.811,22.359,22.557,clear,22.11688889,10,4,B6,0.0008,0.001893333
1023i,1023,40,H,H,C,F,2020-01-02T00:00:00Z,7,6.304,NA,1,18,E6,1,4,3,14,22.092,22.373,21.826,clear,21.94944444,5,1,D8,0.0019,0.000988889
2342i,2342,208,C,C,C,F,2020-01-21T00:00:00Z,1,6.416,NA,1,21,A9,36,39,88,16,22.673,22.4,22.677,clear,21.30088889,40,15,H1,0.001667,0.00307
3730i,3730,317,C,H,C,M,2020-02-06T00:00:00Z,3,3.951,NA,1,10,F4,21,24,49,4,22.677,22.4,22.4,clear,23.32666667,25,9,H11,0.001133,0.002126667
2681i,2681,307,H,C,H,M,2020-01-27T00:00:00Z,5,2.651,NA,2,1,H8,8,9,24,1,22.552,22.42,22.928,clear_after_clahe,29.34333333,10,4,G3,0.001513,0.001893333
2904i,2904,314,C,H,H,F,2020-01-29T00:00:00Z,7,4.296,NA,1,4,I2,46,48,111,10,21.236,22.427,22.427,clear,21.88055556,49,19,G7,0.003333,0.001645444
3794i,3794,299,H,C,C,F,2020-02-08T00:00:00Z,3,6.725,NA,2,9,I6,6,9,13,16,24.471,22.427,24.739,clear,19.515,10,3,F2,0.001547,0.004886333
3736i,3736,322,C,C,C,M,2020-02-06T00:00:00Z,1,4.067,NA,1,12,F8,21,24,50,17,22.224,22.45,22.495,clear,23.04711111,25,9,F11,0.00332,0.002126667
321i,321,54,H,H,H,F,2019-12-28T00:00:00Z,1,6.477,NA,1,18,C5,12,14,34,6,22.712,22.452,22.96,clear,20.47455556,15,6,E7,0.01,0.003100333
1623i,1623,79,H,C,C,F,2020-01-08T00:00:00Z,3,5.374,NA,0,19,F2,12,14,31,19,21.674,22.463,22.467,clear,22.05633333,15,6,B5,0.004307,0.003100333
3993i,3993,356,C,C,C,F,2020-02-13T00:00:00Z,7,6.651,NA,2,15,D6,27,29,66,6,21.704,22.465,21.98,clear,22.38366667,30,11,C5,0.00912,0.003033333
3143i,3143,222,H,H,C,F,2020-01-31T00:00:00Z,3,5.529,NA,2,4,B8,22,24,53,19,22.204,22.468,22.204,clear,21.75544444,25,9,A2,0.002563,0.002126667
519i,519,40,H,H,H,M,2019-12-30T00:00:00Z,7,3.201,NA,1,9,E10,43,44,108,1,22.02,22.484,22.14,clear,23.92,45,18,G4,0.004713,0.001560222
3649i,3649,268,C,H,C,F,2020-02-06T00:00:00Z,5,6.023,NA,1,9,G9,46,48,109,14,22.743,22.55,21.143,clear,23.05611111,49,19,C6,0.009033,0.001645444
2685i,2685,304,H,C,H,M,2020-01-27T00:00:00Z,1,3.397,NA,0,6,F6,2,4,9,16,22.021,22.556,22.08,clear,22.61666667,5,2,A9,0.000473333,0.002135667
3563i,3563,259,C,H,C,M,2020-02-05T00:00:00Z,5,3.89,NA,1,12,C9,42,44,105,8,23.102,22.567,22.567,clear,21.326,45,18,H2,0.00174,0.001560222
1904i,1904,128,C,C,C,F,2020-01-12T00:00:00Z,1,6.069,NA,2,21,E2,33,34,84,6,22.628,22.568,22.613,clear,20.79366667,35,14,F10,0.02,0.003578
730i,730,63,H,C,H,F,2019-12-31T00:00:00Z,1,6.144,NA,1,16,H9,41,44,101,19,22.138,22.57,22.45,clear,22.381,45,17,E4,0.002233,0.003039778
3851i,3851,327,C,H,C,F,2020-02-09T00:00:00Z,3,5.242,NA,0,14,G4,12,14,34,14,22.952,22.576,22.152,clear,20.47455556,15,6,D5,0.03,0.003100333
3713i,3713,311,C,H,C,M,2020-02-06T00:00:00Z,3,3.485,NA,2,10,F2,32,34,78,14,22.538,22.598,21.306,clear,20.25488889,35,13,H10,0.003307,0.001602333
1755i,1755,195,C,H,H,F,2020-01-09T00:00:00Z,5,5.497,NA,2,7,D3,22,24,54,3,22.697,22.617,21.43,clear_after_clahe,23.02177778,25,9,C2,0.001787,0.002126667
3728i,3728,317,C,H,C,F,2020-02-06T00:00:00Z,5,6.508,NA,1,9,I3,32,34,79,15,21.108,22.624,22.508,clear,20.32988889,35,14,D7,0.01,0.003578
3078i,3078,331,C,H,H,F,2020-01-31T00:00:00Z,5,6,NA,1,4,H3,17,19,45,10,22.358,22.631,22.358,clear,24.06788889,20,8,A4,0.007173,0.002566333
2502i,2502,260,C,H,H,M,2020-01-24T00:00:00Z,7,2.77,NA,1,2,D3,17,19,45,16,22.117,22.635,22.631,clear,24.06788889,20,8,E2,0.002613,0.002566333
2814i,2814,275,H,C,H,M,2020-01-28T00:00:00Z,7,2.283,NA,0,3,D10,17,19,45,14,23.149,22.635,23.099,clear,24.06788889,20,8,H9,0.003093,0.002566333
3061i,3061,324,C,H,H,F,2020-01-31T00:00:00Z,7,4.693,NA,1,11,H4,1,4,3,11,22.59,22.643,22.353,clear,21.94944444,5,1,B6,0.009267,0.000988889
3024i,3024,231,H,H,C,F,2020-01-30T00:00:00Z,7,5.052,NA,1,10,G9,1,4,3,1,22.643,22.643,22.643,clear,21.94944444,5,1,B8,0.00388,0.000988889
3690i,3690,303,H,C,C,F,2020-02-06T00:00:00Z,1,6.403,NA,0,11,C7,26,29,63,11,23.484,22.652,23.207,clear,20.80288889,30,11,H7,0.002113,0.003033333
3683i,3683,299,H,C,C,F,2020-02-06T00:00:00Z,7,6.102,NA,2,14,D8,2,4,8,17,22.921,22.667,22.131,clear,22.69533333,5,2,F2,0.004387,0.002135667
4135i,4135,383,C,C,H,M,2020-02-19T00:00:00Z,5,3.051,NA,1,15,F5,43,44,108,14,23.798,22.669,23.266,clear,23.92,45,18,G2,0.00268,0.001560222
1850i,1850,209,C,C,H,F,2020-01-10T00:00:00Z,3,5.581,NA,2,21,E1,21,24,51,16,22.688,22.684,22.684,clear,21.91977778,25,9,G11,0.002807,0.002126667
3630i,3630,318,C,H,C,M,2020-02-05T00:00:00Z,1,3.609,NA,1,3,A6,22,24,56,5,23.116,22.684,22.684,clear,22.14844444,25,10,A6,0.00138,0.001974667
3904i,3904,352,C,C,C,M,2020-02-10T00:00:00Z,7,2.812,NA,2,13,G2,46,48,112,17,22.688,22.688,22.688,clear,19.50088889,49,19,D3,0.00102,0.001645444
3621i,3621,311,C,H,C,M,2020-02-05T00:00:00Z,1,3.908,NA,2,3,A7,27,29,68,15,21.652,22.691,21.652,clear,21.24133333,30,12,E3,0.00168,0.002409
201i,201,35,H,C,H,M,2019-12-27T00:00:00Z,3,3.112,NA,3,8,H4,26,29,63,13,21.891,22.691,22.691,clear,20.80288889,30,11,F2,0.00242,0.003033333
298i,298,40,H,H,H,F,2019-12-28T00:00:00Z,7,4.947,NA,1,19,C8,36,39,86,10,21.906,22.691,21.652,clear,22.67322222,40,15,G1,0.003027,0.00307
3341i,3341,352,C,C,H,F,2020-02-03T00:00:00Z,5,4.535,NA,2,12,I6,41,44,99,17,22.691,22.691,22.688,clear,24.16844444,45,17,H6,0.008793,0.003039778
3040i,3040,233,H,H,C,F,2020-01-30T00:00:00Z,1,6.125,NA,1,2,D8,36,39,86,5,23.773,22.691,22.652,clear,22.67322222,40,15,C6,0.00736,0.00307
3804i,3804,310,C,H,C,F,2020-02-08T00:00:00Z,7,5.37,NA,2,13,B9,17,19,46,10,21.648,22.697,22.18,clear,26.169,20,8,D4,0.004793,0.002566333
3101i,3101,352,C,C,H,F,2020-01-31T00:00:00Z,1,5.773,NA,2,1,F2,41,44,98,10,22.717,22.697,23.087,clear,26.23411111,45,17,E6,0.007267,0.003039778
2630i,2630,268,C,H,H,F,2020-01-27T00:00:00Z,3,5.642,NA,1,2,F9,17,19,46,17,22.984,22.697,22.697,clear,26.169,20,8,E5,0.003473,0.002566333
3901i,3901,352,C,C,C,M,2020-02-10T00:00:00Z,1,4.316,NA,2,10,A5,46,48,113,3,21.145,22.702,22.19,clear,21.324,49,19,H4,0.00214,0.001645444
3099i,3099,349,C,C,H,M,2020-01-31T00:00:00Z,5,3.356,NA,1,4,H7,22,24,55,10,22.594,22.702,22.19,clear,23.49033333,25,10,E11,0.001007,0.001974667
3757i,3757,308,H,C,C,M,2020-02-07T00:00:00Z,3,2.445,NA,1,12,C7,37,39,91,6,22.954,22.702,22.65,clear_after_clahe,21.53,40,16,G5,0.001013,0.001589667
2519i,2519,238,H,C,H,F,2020-01-24T00:00:00Z,3,5.088,NA,2,5,F5,28,29,72,2,22.97,22.702,22.31,clear,23.03055556,30,12,G1,0.0014,0.002409
1221i,1221,123,C,C,H,F,2020-01-03T00:00:00Z,1,6.666,NA,0,17,B1,23,24,60,5,24.347,22.702,23.255,clear,23.88422222,25,10,D2,0.003147,0.001974667
1091i,1091,128,C,C,H,M,2020-01-02T00:00:00Z,1,3.586,NA,2,9,A4,41,44,100,5,23.51,22.713,22.881,clear,24.20644444,45,17,A3,0.001743,0.003039778
3160i,3160,234,H,H,C,M,2020-01-31T00:00:00Z,5,2.788,NA,1,4,B5,43,44,107,19,23.81,22.713,23.266,clear,25.08688889,45,18,H9,0.000673333,0.001560222
528i,528,56,C,H,H,F,2019-12-30T00:00:00Z,5,5.637,NA,1,20,D8,18,19,47,1,21.602,22.717,22.164,clear,23.19066667,20,8,C10,0.002853,0.002566333
2376i,2376,228,H,H,H,M,2020-01-21T00:00:00Z,5,2.91,NA,0,5,B8,18,19,47,12,21.648,22.717,21.648,clear,23.19066667,20,8,C2,0.002853,0.002566333
1057i,1057,9,H,H,C,M,2020-01-02T00:00:00Z,5,3.356,NA,2,7,D9,43,44,108,4,21.663,22.717,22.204,clear_after_clahe,23.92,45,18,B6,0.000333333,0.001560222
2818i,2818,299,H,C,H,F,2020-01-28T00:00:00Z,1,6.246,NA,2,6,D7,43,44,108,2,22.184,22.717,22.669,clear,23.92,45,18,E7,0.00362,0.001560222
3661i,3661,272,H,C,C,F,2020-02-06T00:00:00Z,5,5.98,NA,2,9,H2,18,19,46,15,23.463,22.717,22.717,clear,26.169,20,8,D1,0.008193,0.002566333
2652i,2652,297,H,C,H,F,2020-01-27T00:00:00Z,3,5.741,NA,1,2,F6,18,19,47,4,23.807,22.717,23.807,clear,23.19066667,20,8,E10,0.007693,0.002566333
3348i,3348,358,C,C,H,M,2020-02-03T00:00:00Z,5,3.102,NA,0,11,A3,41,44,101,14,23.255,22.73,23.251,clear,22.381,45,17,B5,0.000673333,0.003039778
297i,297,40,H,H,H,F,2019-12-28T00:00:00Z,5,5.324,NA,1,17,B4,46,48,109,8,23.835,22.743,22.69,clear,23.05611111,49,19,F10,0.00176,0.001645444
4033i,4033,360,C,C,C,F,2020-02-14T00:00:00Z,7,5.892,NA,1,15,A9,43,44,108,10,22.204,22.745,22.204,clear,23.92,45,18,G11,0.01,0.001560222
3720i,3720,318,C,H,C,M,2020-02-06T00:00:00Z,3,3.908,NA,1,10,F3,11,14,27,19,21.787,22.753,21.948,clear,20.41122222,15,5,B4,0.0019,0.001357667
106i,106,16,H,H,H,F,2019-12-23T00:00:00Z,7,4.825,NA,1,8,H6,12,14,30,17,21.67,22.762,22.941,clear,23.90444444,15,5,D3,0.00744,0.001357667
3035i,3035,228,H,H,C,M,2020-01-30T00:00:00Z,7,3.822,NA,0,10,H2,12,14,30,19,22.138,22.762,22.741,clear,23.90444444,15,5,E3,0.001167,0.001357667
1056i,1056,56,C,H,C,M,2020-01-02T00:00:00Z,7,3.374,NA,1,18,F4,27,29,69,16,22.762,22.762,23.316,clear,21.78322222,30,12,E11,0.000566667,0.002409
266i,266,34,H,C,H,M,2019-12-28T00:00:00Z,7,2.24,NA,3,19,D6,12,14,30,14,22.762,22.762,22.762,clear,23.90444444,15,5,D9,0.000826667,0.001357667
3664i,3664,276,H,C,C,F,2020-02-06T00:00:00Z,7,5.918,NA,1,14,F2,41,44,97,17,22.762,22.762,22.208,clear,26.13922222,45,17,F1,0.002567,0.003039778
2838i,2838,305,H,C,H,F,2020-01-28T00:00:00Z,5,5.727,NA,0,1,B5,42,44,103,1,23.308,22.762,22.741,clear,24.86311111,45,18,B8,0.00836,0.001560222
439i,439,6,H,H,C,F,2019-12-29T00:00:00Z,5,6.018,NA,3,19,B9,7,9,20,11,23.85,22.762,23.854,clear,25.31988889,10,4,B3,0.003393,0.001893333
2467i,2467,227,H,H,H,F,2020-01-23T00:00:00Z,3,5.834,NA,1,5,C9,7,9,20,1,24.647,22.762,22.762,clear,25.31988889,10,4,C6,0.005987,0.001893333
3959i,3959,342,C,C,C,F,2020-02-12T00:00:00Z,3,6.255,NA,0,13,B5,12,14,31,16,22.997,22.764,22.428,clear,22.05633333,15,6,D4,0.005087,0.003100333
4015i,4015,347,C,C,C,F,2020-02-14T00:00:00Z,1,6.624,NA,1,13,C6,26,29,64,5,22.773,22.773,22.235,clear,22.49188889,30,11,F4,0.00214,0.003033333
2941i,2941,215,H,H,C,F,2020-01-29T00:00:00Z,3,6.102,NA,2,1,I5,11,14,27,4,22.773,22.773,22.219,clear,20.41122222,15,5,G9,0.003547,0.001357667
1870i,1870,128,C,C,C,M,2020-01-11T00:00:00Z,7,2.485,NA,2,20,G5,47,48,116,15,22.928,22.78,22.552,clear,23.26177778,49,20,A2,0.00048,0.000611111
3148i,3148,227,H,H,C,F,2020-01-31T00:00:00Z,7,5.824,NA,1,11,F9,28,29,70,11,23.935,22.797,22.726,clear,22.24755556,30,12,F3,0.00294,0.002409
3958i,3958,324,C,H,C,M,2020-02-12T00:00:00Z,5,3.044,NA,1,13,G4,42,44,106,19,22.818,22.818,22.818,clear,24.35088889,45,18,A9,0.000313333,0.001560222
400i,400,54,H,H,H,F,2019-12-29T00:00:00Z,3,6.332,NA,1,8,H10,27,29,65,3,23.039,22.82,22.803,clear,23.90366667,30,11,H4,0.00388,0.003033333
3622i,3622,311,C,H,C,M,2020-02-05T00:00:00Z,7,2.877,NA,2,14,I2,2,4,9,5,22.155,22.823,22.646,clear,22.61666667,5,2,G8,0.000453333,0.002135667
1688i,1688,196,C,H,H,M,2020-01-08T00:00:00Z,3,2.996,NA,0,19,H3,1,4,5,6,23.236,22.842,23.236,clear,21.13577778,5,1,D7,0.00086,0.000988889
3719i,3719,315,C,H,C,F,2020-02-06T00:00:00Z,7,5.278,NA,2,14,E4,17,19,43,4,23.088,22.862,22.54,clear,21.49611111,20,8,B2,0.003573,0.002566333
2790i,2790,315,C,H,H,M,2020-01-28T00:00:00Z,5,2.9,NA,2,1,A9,8,9,23,12,25.217,22.881,24.133,clear,27.38455556,10,4,B7,0.00098,0.001893333
3574i,3574,269,H,C,C,F,2020-02-05T00:00:00Z,7,5.433,NA,2,15,A2,16,19,38,4,21.955,22.894,22.724,clear,22.34855556,20,7,E4,0.01,0.002569889
4182i,4182,383,C,C,H,F,2020-02-20T00:00:00Z,7,3.8,NA,1,15,G5,42,44,104,17,22.656,22.897,22.39,clear,24.43144444,45,18,H5,0.001127,0.001560222
3178i,3178,239,C,H,C,M,2020-01-31T00:00:00Z,7,3.114,NA,2,11,F5,6,9,14,15,20.17,22.906,22.232,clear,20.51455556,10,3,C5,0.00166,0.004886333
164i,164,30,H,C,H,M,2019-12-26T00:00:00Z,1,3.155,NA,1,17,F7,2,4,8,6,20.623,22.908,21.118,clear,22.69533333,5,2,E5,0.000533333,0.002135667
3172i,3172,239,C,H,C,F,2020-01-31T00:00:00Z,1,5.896,NA,2,1,E7,26,29,61,15,21.608,22.91,22.687,clear,21.05455556,30,11,E4,0.01,0.003033333
1179i,1179,70,H,H,C,M,2020-01-03T00:00:00Z,3,3.038,NA,2,9,E3,21,24,51,6,22.684,22.926,22.36,clear,21.91977778,25,9,D2,0.00118,0.002126667
3606i,3606,294,H,C,C,F,2020-02-05T00:00:00Z,7,5.057,NA,0,14,I6,7,9,22,16,22.028,22.941,22.448,clear,22.11688889,10,4,A9,0.005487,0.001893333
2839i,2839,305,H,C,H,M,2020-01-28T00:00:00Z,5,3.192,NA,0,1,B4,22,24,57,17,24.344,22.952,23.232,clear,23.50977778,25,10,D11,0.000966667,0.001974667
3505i,3505,295,H,C,C,F,2020-02-04T00:00:00Z,1,5.421,NA,1,3,F10,43,44,108,12,22.717,22.961,22.484,clear,23.92,45,18,E5,0.002427,0.001560222
3162i,3162,235,H,H,C,F,2020-01-31T00:00:00Z,7,5.499,NA,0,11,F7,42,44,102,3,22.97,22.978,22.978,clear,22.80322222,45,17,D4,0.00026,0.003039778
3772i,3772,313,C,H,C,F,2020-02-07T00:00:00Z,7,5.286,NA,2,12,B3,37,39,92,8,22.993,22.985,22.368,clear,21.82922222,40,16,E5,0.006213,0.001589667
367i,367,3,H,H,C,M,2019-12-28T00:00:00Z,7,3.494,NA,1,19,C6,17,19,41,6,23.266,22.989,22.981,clear,21.463,20,7,E12,0.003473,0.002569889
146i,146,30,H,C,H,F,2019-12-25T00:00:00Z,3,4.498,NA,1,16,C5,11,14,26,4,22.425,22.997,21.861,clear,21.64188889,15,5,E5,0.000893333,0.001357667
2558i,2558,260,C,H,H,M,2020-01-25T00:00:00Z,3,2.836,NA,1,6,G5,27,29,69,17,23.813,23.012,23.012,clear,21.78322222,30,12,A3,0.00196,0.002409
3786i,3786,322,C,C,C,M,2020-02-07T00:00:00Z,3,4.06,NA,1,12,C6,11,14,26,6,22.425,23.025,22.863,clear,21.64188889,15,5,F1,0.001367,0.001357667
4302i,4302,383,C,C,C,M,2020-02-29T00:00:00Z,7,3.4,NA,1,15,D8,41,44,97,14,23.813,23.033,23.854,clear,26.13922222,45,17,F2,0.001433,0.003039778
2352i,2352,219,H,H,H,F,2020-01-21T00:00:00Z,1,6.087,NA,0,8,E5,26,29,64,10,22.72,23.04,22.506,clear_after_clahe,22.49188889,30,11,G1,0.00364,0.003033333
1027i,1027,39,H,H,C,F,2020-01-02T00:00:00Z,1,5.155,NA,2,9,A2,46,48,111,3,24.013,23.058,23.21,clear,21.88055556,49,19,D8,0.01,0.001645444
1599i,1599,193,C,C,H,F,2020-01-07T00:00:00Z,3,5.834,NA,0,7,A8,23,24,58,2,22.785,23.059,22.697,clear,24.96022222,25,10,H8,0.004427,0.001974667
4032i,4032,360,C,C,C,F,2020-02-14T00:00:00Z,5,7.072,NA,1,15,E4,22,24,58,14,23.337,23.059,23.337,clear,24.96022222,25,10,E9,0.01,0.001974667
3081i,3081,331,C,H,H,M,2020-01-31T00:00:00Z,5,2.973,NA,1,4,H1,2,4,8,11,21.743,23.068,21.605,clear,22.69533333,5,2,E11,0.000853333,0.002135667
3095i,3095,349,C,C,H,F,2020-01-31T00:00:00Z,3,6.266,NA,1,4,H9,26,29,65,5,22.82,23.073,23.372,clear,23.90366667,30,11,G11,0.00486,0.003033333
3702i,3702,305,H,C,C,M,2020-02-06T00:00:00Z,3,3.76,NA,0,10,E9,7,9,17,5,22.66,23.074,22.66,clear,23.17555556,10,3,A9,0.001533,0.004886333
3397i,3397,260,C,H,C,F,2020-02-03T00:00:00Z,7,4.972,NA,1,12,D6,42,44,103,17,22.446,23.078,23.037,clear,24.86311111,45,18,F4,0.002653,0.001560222
2657i,2657,269,H,C,H,F,2020-01-27T00:00:00Z,1,4.983,NA,2,6,G3,33,34,84,16,23.654,23.111,22.628,clear,20.79366667,35,14,G1,0.004027,0.003578
3047i,3047,235,H,H,C,M,2020-01-30T00:00:00Z,1,3.68,NA,0,2,C8,8,9,24,17,24.2,23.116,23.884,clear,29.34333333,10,4,A8,0.0011,0.001893333
3770i,3770,313,C,H,C,F,2020-02-07T00:00:00Z,3,5.727,NA,2,12,F2,17,19,44,3,22.879,23.117,23.245,clear,23.83822222,20,8,G10,0.002053,0.002566333
417i,417,9,H,H,C,F,2019-12-29T00:00:00Z,1,5.671,NA,2,8,I4,42,44,104,2,22.66,23.124,23.455,clear,24.43144444,45,18,G5,0.005507,0.001560222
2354i,2354,219,H,H,H,F,2020-01-21T00:00:00Z,5,5.017,NA,0,5,C5,17,19,44,10,24.171,23.132,23.665,clear,23.83822222,20,8,A9,0.003593,0.002566333
1152i,1152,35,H,C,C,M,2020-01-03T00:00:00Z,5,3.314,NA,3,16,F2,42,44,102,14,22.87,23.135,23.215,clear_after_clahe,22.80322222,45,17,H2,0.00632,0.003039778
3312i,3312,253,C,H,C,M,2020-02-02T00:00:00Z,1,3.752,NA,1,3,I6,27,29,69,6,23.288,23.152,23.017,clear,21.78322222,30,12,B1,0.001367,0.002409
677i,677,58,C,H,C,M,2019-12-31T00:00:00Z,1,4.008,NA,2,16,H6,7,9,22,5,24.145,23.155,24.713,clear,22.11688889,10,4,B9,0.000853333,0.001893333
1875i,1875,79,H,C,C,F,2020-01-11T00:00:00Z,7,4.972,NA,0,20,G4,33,34,82,17,23.158,23.158,22.877,clear,20.78366667,35,14,E4,0.01,0.003578
2625i,2625,272,H,C,H,F,2020-01-26T00:00:00Z,3,6.459,NA,2,6,B6,47,48,116,5,23.232,23.16,23.196,clear,23.26177778,49,20,C5,0.001977,0.000611111
1272i,1272,138,C,H,H,F,2020-01-03T00:00:00Z,1,5.974,NA,2,20,F2,17,19,45,11,23.165,23.165,23.43,clear,24.06788889,20,8,C1,0.00878,0.002566333
2495i,2495,252,C,H,H,F,2020-01-24T00:00:00Z,7,4.907,NA,2,2,D1,17,19,45,15,23.426,23.165,24.359,clear,24.06788889,20,8,G4,0.002973,0.002566333
3335i,3335,262,C,H,C,M,2020-02-02T00:00:00Z,7,3.478,NA,0,10,B8,46,48,111,15,23.494,23.17,23.17,clear,21.88055556,49,19,D11,0.00976,0.001645444
2498i,2498,253,C,H,H,M,2020-01-24T00:00:00Z,7,3.128,NA,1,2,D2,6,9,17,2,22.141,23.186,21.622,clear,23.17555556,10,3,D7,0.001213,0.004886333
3887i,3887,348,C,C,C,M,2020-02-10T00:00:00Z,1,4.13,NA,1,10,A3,16,19,39,16,22.131,23.187,22.455,clear,18.962,20,7,D5,0.001753,0.002569889
2414i,2414,231,H,H,H,F,2020-01-22T00:00:00Z,7,5.067,NA,1,6,A2,22,24,57,5,23.232,23.196,23.232,clear,23.50977778,25,10,F4,0.004767,0.001974667
3807i,3807,314,C,H,C,F,2020-02-08T00:00:00Z,7,5.712,NA,1,13,C4,11,14,25,6,24.23,23.207,23.652,clear,22.87555556,15,5,F11,0.01,0.001357667
434i,434,6,H,H,C,M,2019-12-29T00:00:00Z,3,3.476,NA,3,8,I5,23,24,60,11,22.702,23.215,23.523,clear,23.88422222,25,10,F6,0.00254,0.001974667
3206i,3206,344,C,C,H,M,2020-02-01T00:00:00Z,3,3.813,NA,2,4,E10,47,48,115,17,23.646,23.215,24.815,clear_after_clahe,21.26333333,49,20,B8,0.000256667,0.000611111
1815i,1815,109,C,H,C,F,2020-01-10T00:00:00Z,3,6.478,NA,2,21,E6,11,14,29,3,21.84,23.219,21.649,clear,21.23988889,15,5,C1,0.00434,0.001357667
4320i,4320,383,C,C,C,F,2020-03-01T00:00:00Z,5,6.803,NA,1,15,A5,11,14,29,6,23.203,23.223,24.154,clear,21.23988889,15,5,G4,0.01,0.001357667
2017i,2017,151,C,C,C,F,2020-01-14T00:00:00Z,1,5.983,NA,2,19,A6,26,29,63,1,23.227,23.223,23.207,clear,20.80288889,30,11,D9,0.0098,0.003033333
1494i,1494,151,C,C,H,M,2020-01-06T00:00:00Z,1,3.762,NA,2,9,A10,22,24,56,16,23.504,23.232,23.232,clear,22.14844444,25,10,C2,0.002847,0.001974667
2450i,2450,208,C,C,C,F,2020-01-23T00:00:00Z,3,5.351,NA,1,5,D8,2,4,10,6,22.893,23.233,22.843,clear,22.52377778,5,2,A8,0.002153,0.002135667
3304i,3304,250,H,H,C,F,2020-02-02T00:00:00Z,3,6.428,NA,2,3,I1,22,24,56,12,22.684,23.236,23.236,clear,22.14844444,25,10,A4,0.008833,0.001974667
3203i,3203,344,C,C,H,F,2020-02-01T00:00:00Z,3,5.38,NA,2,4,A10,22,24,57,12,23.236,23.236,22.9,clear,23.50977778,25,10,F3,0.008173,0.001974667
896i,896,54,H,H,C,M,2020-01-01T00:00:00Z,5,3.095,NA,1,9,D1,22,24,57,16,24.344,23.236,23.236,clear,23.50977778,25,10,A2,0.00244,0.001974667
2417i,2417,230,H,H,H,M,2020-01-22T00:00:00Z,1,3.563,NA,2,7,H7,13,14,35,16,22.596,23.25,23.013,clear_after_clahe,22.43944444,15,6,G5,0.00074,0.003100333
2083i,2083,151,C,C,C,F,2020-01-15T00:00:00Z,5,5.483,NA,2,8,E2,38,39,96,5,22.73,23.251,23.255,clear,22.07211111,40,16,G3,0.001833,0.001589667
3352i,3352,356,C,C,H,F,2020-02-03T00:00:00Z,3,5.028,NA,2,11,A4,12,14,33,1,23.251,23.251,23.783,clear,23.28877778,15,6,C12,0.006667,0.003100333
1869i,1869,128,C,C,C,M,2020-01-11T00:00:00Z,5,3.379,NA,2,18,G6,12,14,33,17,23.795,23.251,23.783,clear_after_clahe,23.28877778,15,6,H10,0.001467,0.003100333
2566i,2566,262,C,H,H,F,2020-01-25T00:00:00Z,5,5.567,NA,0,2,G1,46,48,113,14,22.674,23.255,22.702,clear,21.324,49,19,D1,0.00126,0.001645444
192i,192,4,H,H,C,M,2019-12-26T00:00:00Z,7,2.427,NA,1,17,C9,23,24,60,4,22.702,23.255,22.73,clear,23.88422222,25,10,F12,0.0029,0.001974667
2346i,2346,211,C,C,C,M,2020-01-21T00:00:00Z,3,4.229,NA,1,7,H10,22,24,55,11,23.215,23.255,22.73,clear,23.49033333,25,10,F2,0.001227,0.001974667
998i,998,63,H,C,H,F,2020-01-01T00:00:00Z,5,5.544,NA,1,17,I3,41,44,101,10,23.255,23.255,23.255,clear,22.381,45,17,C12,0.002287,0.003039778
2421i,2421,227,H,H,H,M,2020-01-22T00:00:00Z,5,3.324,NA,1,5,G7,18,19,48,12,24.13,23.255,23.288,clear,23.26977778,20,8,C7,0.002653,0.002566333
3682i,3682,299,H,C,C,F,2020-02-06T00:00:00Z,1,6.151,NA,2,11,C9,41,44,100,12,22.2,23.262,22.713,clear,24.20644444,45,17,D5,0.01,0.003039778
3367i,3367,365,C,C,H,F,2020-02-03T00:00:00Z,1,6.131,NA,0,4,A3,27,29,67,8,23.266,23.262,23.534,clear,21.08022222,30,12,E5,0.03,0.002409
3805i,3805,311,C,H,C,F,2020-02-08T00:00:00Z,5,5.404,NA,2,14,C7,43,44,107,1,22.2,23.266,22.2,clear,25.08688889,45,18,C6,0.006547,0.001560222
3509i,3509,298,H,C,C,F,2020-02-04T00:00:00Z,7,5.553,NA,1,9,G2,21,24,52,11,22.981,23.266,23.092,clear,21.713,25,9,C5,0.003113,0.002126667
4192i,4192,383,C,C,H,F,2020-02-21T00:00:00Z,3,5.464,NA,1,15,G4,27,29,67,10,23.266,23.266,22.981,clear,21.08022222,30,12,A7,0.00066,0.002409
1466i,1466,70,H,H,C,F,2020-01-06T00:00:00Z,7,5.333,NA,2,21,E5,17,19,46,14,22.697,23.27,22.717,clear,26.169,20,8,G8,0.002513,0.002566333
2139i,2139,191,C,C,C,F,2020-01-17T00:00:00Z,3,6.948,NA,1,8,G3,7,9,21,4,21.97,23.272,24.32,clear,22.65855556,10,4,D10,0.00392,0.001893333
2428i,2428,234,H,H,H,F,2020-01-22T00:00:00Z,7,5.295,NA,1,6,A1,18,19,48,14,22.447,23.288,23.196,clear,23.26977778,20,8,A6,0.01,0.002566333
2360i,2360,223,H,H,H,M,2020-01-21T00:00:00Z,7,1.885,NA,0,7,A1,41,44,97,19,23.288,23.288,23.813,clear_after_clahe,26.13922222,45,17,F8,0.001193,0.003039778
3187i,3187,323,C,H,H,F,2020-02-01T00:00:00Z,7,5.028,NA,2,13,B4,41,44,97,8,23.854,23.288,23.563,clear,26.13922222,45,17,G10,0.00756,0.003039778
2555i,2555,260,C,H,H,F,2020-01-25T00:00:00Z,3,5.239,NA,1,6,H2,6,9,15,8,23.869,23.31,23.037,clear,21.04077778,10,3,F10,0.002313,0.004886333
1563i,1563,182,C,H,H,F,2020-01-07T00:00:00Z,7,5.113,NA,1,7,C7,42,44,104,12,22.66,23.323,22.66,clear,24.43144444,45,18,H8,0.006433,0.001560222
917i,917,58,C,H,H,F,2020-01-01T00:00:00Z,3,5.433,NA,2,20,D9,27,29,66,17,23.87,23.332,23.866,clear,22.38366667,30,11,B3,0.003873,0.003033333
3575i,3575,269,H,C,C,M,2020-02-05T00:00:00Z,1,3.849,NA,2,11,B6,22,24,54,5,23.337,23.337,23.897,clear,23.02177778,25,9,D3,0.001213,0.002126667
3218i,3218,348,C,C,H,F,2020-02-01T00:00:00Z,5,4.747,NA,1,10,H9,23,24,58,6,23.337,23.337,23.337,clear,24.96022222,25,10,D12,0.002707,0.001974667
2513i,2513,234,H,H,H,M,2020-01-24T00:00:00Z,1,3.314,NA,1,8,B9,22,24,54,12,24.166,23.337,23.876,clear,23.02177778,25,9,F8,0.007,0.002126667
353i,353,1,H,H,C,M,2019-12-28T00:00:00Z,5,3.511,NA,1,17,A5,22,24,54,10,24.457,23.337,23.905,clear_after_clahe,23.02177778,25,9,B3,0.001313,0.002126667
3186i,3186,323,C,H,H,F,2020-02-01T00:00:00Z,1,6.033,NA,2,1,C3,26,29,65,17,23.942,23.351,23.318,clear,23.90366667,30,11,B9,0.00388,0.003033333
2136i,2136,191,C,C,C,M,2020-01-16T00:00:00Z,1,3.845,NA,1,20,I5,26,29,61,8,23.21,23.358,23.753,clear,21.05455556,30,11,H8,0.00286,0.003033333
3580i,3580,272,H,C,C,M,2020-02-05T00:00:00Z,3,3.791,NA,2,12,H3,22,24,57,3,22.432,23.364,23.232,clear,23.50977778,25,10,A7,0.001287,0.001974667
2586i,2586,273,H,C,H,M,2020-01-26T00:00:00Z,7,2.402,NA,2,1,A3,26,29,65,11,22.272,23.372,22.251,clear_after_clahe,23.90366667,30,11,A7,0.00078,0.003033333
866i,866,33,C,H,C,F,2020-01-01T00:00:00Z,7,5.441,NA,1,18,A4,13,14,36,14,22.391,23.392,22.626,clear,20.24522222,15,6,B7,0.002107,0.003100333
3647i,3647,268,C,H,C,F,2020-02-06T00:00:00Z,1,6.416,NA,1,11,D2,33,34,83,4,22.628,23.394,23.111,clear,20.79366667,35,14,H5,0.02,0.003578
105i,105,16,H,H,H,F,2019-12-23T00:00:00Z,5,1.686,NA,1,16,B6,7,9,18,8,22.887,23.427,22.91,clear_after_clahe,23.40777778,10,3,G2,0.00376,0.004886333
3286i,3286,356,C,C,H,M,2020-02-02T00:00:00Z,1,3.588,NA,2,4,D6,7,9,21,10,25.132,23.43,23.461,clear,22.65855556,10,4,A5,0.001,0.001893333
334i,334,56,C,H,H,M,2019-12-28T00:00:00Z,3,2.993,NA,1,17,H6,7,9,22,4,23.901,23.454,24.573,clear,22.11688889,10,4,C7,0.000886667,0.001893333
2769i,2769,310,C,H,H,F,2020-01-28T00:00:00Z,7,4.957,NA,2,3,C4,46,48,110,16,23.146,23.458,24.083,clear,21.59911111,49,19,D12,0.00112,0.001645444
1736i,1736,210,C,C,H,M,2020-01-09T00:00:00Z,3,3.163,NA,1,7,C2,43,44,107,4,23.354,23.458,23.266,clear_after_clahe,25.08688889,45,18,H4,0.000173333,0.001560222
3266i,3266,238,H,C,C,M,2020-02-01T00:00:00Z,7,3.504,NA,2,12,I5,23,24,59,2,24.266,23.462,23.743,clear,20.87455556,25,10,A3,0.001477,0.001974667
1879i,1879,129,C,C,C,F,2020-01-11T00:00:00Z,5,5.141,NA,1,18,G2,26,29,63,19,23.711,23.477,23.711,clear,20.80288889,30,11,C1,0.0018,0.003033333
1839i,1839,123,C,C,C,M,2020-01-10T00:00:00Z,1,4.407,NA,0,19,F6,47,48,115,12,22.743,23.49,23.014,clear,21.26333333,49,20,A5,0.00113,0.000611111
3028i,3028,227,H,H,C,M,2020-01-30T00:00:00Z,1,3.816,NA,1,2,D5,22,24,56,10,23.504,23.504,23.236,clear,22.14844444,25,10,G9,0.005127,0.001974667
3618i,3618,308,H,C,C,M,2020-02-05T00:00:00Z,1,3.622,NA,1,3,A4,43,44,107,8,22.2,23.51,22.2,clear_after_clahe,25.08688889,45,18,A3,0.002427,0.001560222
2208i,2208,196,C,H,C,F,2020-01-19T00:00:00Z,3,5.241,NA,0,8,E9,46,48,109,15,23.835,23.527,23.552,clear,23.05611111,49,19,E12,0.00528,0.001645444
3651i,3651,269,H,C,C,F,2020-02-06T00:00:00Z,3,5.632,NA,2,10,D8,36,39,87,14,23.266,23.534,23.266,clear,23.29844444,40,15,G11,0.00924,0.00307
3513i,3513,259,C,H,C,F,2020-02-04T00:00:00Z,7,5.472,NA,1,9,G3,43,44,108,11,23.27,23.538,23.27,clear,23.92,45,18,B5,0.01,0.001560222
465i,465,16,H,H,C,M,2019-12-30T00:00:00Z,5,3.855,NA,1,19,C3,47,48,115,16,22.743,23.552,22.743,clear,21.26333333,49,20,A8,0.003027,0.000611111
2824i,2824,303,H,C,H,F,2020-01-28T00:00:00Z,1,6.672,NA,0,6,D6,11,14,27,6,23.328,23.558,23.299,clear,20.41122222,15,5,G6,0.004353,0.001357667
2803i,2803,319,C,H,H,M,2020-01-28T00:00:00Z,1,3.315,NA,0,6,C6,6,9,15,15,24.732,23.566,24.024,clear,21.04077778,10,3,F1,0.001613,0.004886333
1000i,1000,63,H,C,H,M,2020-01-01T00:00:00Z,5,3.106,NA,1,17,I5,12,14,30,10,24.992,23.571,25.115,clear,23.90444444,15,5,A2,0.00082,0.001357667
3004i,3004,219,H,H,C,M,2020-01-30T00:00:00Z,5,2.81,NA,0,4,F8,8,9,22,17,24.095,23.578,20.871,clear,22.11688889,10,4,F3,0.00304,0.001893333
2399i,2399,209,C,C,C,F,2020-01-22T00:00:00Z,1,7.112,NA,2,7,H9,6,9,15,17,23.139,23.58,24.428,clear,21.04077778,10,3,F3,0.005173,0.004886333
2951i,2951,222,H,H,C,M,2020-01-29T00:00:00Z,7,2.633,NA,2,5,A9,11,14,27,16,23.866,23.583,22.219,clear,20.41122222,15,5,B3,0.000886667,0.001357667
4308i,4308,369,C,C,C,F,2020-02-29T00:00:00Z,7,5.592,NA,1,15,C8,7,9,21,2,21.967,23.593,19.005,clear,22.65855556,10,4,H1,0.02,0.001893333
2596i,2596,268,C,H,H,M,2020-01-26T00:00:00Z,5,3.169,NA,1,2,B10,22,24,58,11,23.337,23.611,23.611,clear,24.96022222,25,10,E12,0.001713,0.001974667
3900i,3900,352,C,C,C,F,2020-02-10T00:00:00Z,1,6.065,NA,2,10,A6,11,14,28,16,23.247,23.63,23.39,clear,20.87955556,15,5,E2,0.01,0.001357667
1748i,1748,211,C,C,H,M,2020-01-09T00:00:00Z,1,3.584,NA,1,9,B7,8,9,22,15,21.982,23.64,23.353,clear,22.11688889,10,4,D9,0.006767,0.001893333
2773i,2773,311,C,H,H,F,2020-01-28T00:00:00Z,1,5.694,NA,2,6,C1,13,14,36,15,23.057,23.651,23.173,clear,20.24522222,15,6,H6,0.01,0.003100333
3836i,3836,342,C,C,C,F,2020-02-09T00:00:00Z,1,6.916,NA,0,12,E2,31,34,75,16,23.651,23.651,23.651,clear,18.875,35,13,G11,0.02,0.001602333
3707i,3707,307,H,C,C,F,2020-02-06T00:00:00Z,3,6.378,NA,2,10,F1,41,44,99,5,23.627,23.711,24,clear,24.16844444,45,17,C7,0.005633,0.003039778
2644i,2644,271,H,C,H,F,2020-01-27T00:00:00Z,1,5.698,NA,2,6,F9,41,44,99,14,23.773,23.711,23.223,clear,24.16844444,45,17,G3,0.006707,0.003039778
1001i,1001,63,H,C,H,M,2020-01-01T00:00:00Z,7,2.53,NA,1,18,D6,7,9,19,10,24.601,23.712,22.121,clear,22.85566667,10,4,D6,0.000726667,0.001893333
3727i,3727,317,C,H,C,F,2020-02-06T00:00:00Z,1,6.602,NA,1,12,H2,6,9,13,4,23.452,23.727,23.017,clear,19.515,10,3,G3,0.00356,0.004886333
2473i,2473,234,H,H,H,M,2020-01-23T00:00:00Z,5,2.415,NA,1,6,H6,6,9,17,6,22.621,23.74,23.038,clear,23.17555556,10,3,F6,0.001633,0.004886333
3626i,3626,315,C,H,C,M,2020-02-05T00:00:00Z,7,3.452,NA,2,14,I1,6,9,17,16,23.74,23.74,24.267,clear,23.17555556,10,3,E4,0.001573,0.004886333
185i,185,24,H,H,H,F,2019-12-26T00:00:00Z,3,5.198,NA,0,18,D9,42,44,104,3,23.74,23.74,23.455,clear,24.43144444,45,18,G1,0.008847,0.001560222
3782i,3782,319,C,H,C,M,2020-02-07T00:00:00Z,3,4.06,NA,0,12,B9,7,9,17,4,24.111,23.74,22.656,clear,23.17555556,10,3,H8,0.001593,0.004886333
1531i,1531,57,C,H,C,F,2020-01-07T00:00:00Z,5,5.775,NA,2,7,B2,46,48,110,5,24.375,23.742,23.81,clear,21.59911111,49,19,B8,0.004433,0.001645444
3913i,3913,324,C,H,C,M,2020-02-11T00:00:00Z,7,2.875,NA,1,13,H7,23,24,59,15,22.939,23.743,23.349,clear_after_clahe,20.87455556,25,10,G3,0.000606667,0.001974667
2335i,2335,193,C,C,C,F,2020-01-21T00:00:00Z,5,6.561,NA,0,5,D9,2,4,6,16,23.473,23.754,23.219,clear,21.55977778,5,1,D2,0.02,0.000988889
356i,356,2,H,H,C,F,2019-12-28T00:00:00Z,3,5.795,NA,0,21,B8,2,4,7,6,23.473,23.754,23.219,clear,21.20211111,5,2,F7,0.001273,0.002135667
609i,609,54,H,H,C,F,2019-12-31T00:00:00Z,1,7.222,NA,1,16,D5,11,14,25,5,23.379,23.758,23.207,clear,22.87555556,15,5,A6,0.01,0.001357667
733i,733,63,H,C,H,M,2019-12-31T00:00:00Z,3,3.212,NA,1,19,C2,23,24,59,17,23.193,23.759,23.208,clear,20.87455556,25,10,C3,0.000486667,0.001974667
1550i,1550,179,H,C,H,M,2020-01-07T00:00:00Z,3,3.252,NA,0,9,B2,36,39,88,8,23.759,23.759,23.759,clear_after_clahe,21.30088889,40,15,D6,0.000806667,0.00307
4115i,4115,377,C,C,H,F,2020-02-19T00:00:00Z,1,5.383,NA,1,15,D3,36,39,88,19,24.02,23.759,24.016,clear,21.30088889,40,15,B2,0.00794,0.00307
2261i,2261,193,C,C,C,F,2020-01-20T00:00:00Z,1,5.021,NA,0,16,A3,23,24,59,12,24.555,23.759,23.743,clear,20.87455556,25,10,G6,0.003553,0.001974667
2453i,2453,252,C,H,H,F,2020-01-23T00:00:00Z,3,5.655,NA,2,5,C6,2,4,7,14,23.219,23.77,24.031,clear,21.20211111,5,2,D5,0.002353,0.002135667
3573i,3573,269,H,C,C,F,2020-02-05T00:00:00Z,1,6.606,NA,2,11,B5,16,19,37,14,23.219,23.77,23.77,super_clear,22.125,20,7,F11,0.01,0.002569889
3776i,3776,315,C,H,C,F,2020-02-07T00:00:00Z,5,5.309,NA,2,14,H1,21,24,51,17,23.77,23.77,22.965,clear,21.91977778,25,9,E12,0.002093,0.002126667
2273i,2273,210,C,C,C,F,2020-01-20T00:00:00Z,7,5.366,NA,1,5,H10,8,9,22,3,26.814,23.771,23.578,clear,22.11688889,10,4,G8,0.006873,0.001893333
194i,194,34,H,C,H,F,2019-12-27T00:00:00Z,1,4.761,NA,3,16,B9,11,14,25,8,22.652,23.773,23.758,clear,22.87555556,15,5,B5,0.01,0.001357667
897i,897,50,H,C,C,F,2020-01-01T00:00:00Z,3,5.844,NA,2,20,E4,11,14,25,14,23.484,23.773,24.156,clear,22.87555556,15,5,A5,0.004193,0.001357667
858i,858,39,H,H,C,M,2020-01-01T00:00:00Z,1,3.55,NA,2,17,D5,41,44,99,6,23.652,23.773,23.773,clear,24.16844444,45,17,D12,0.000986667,0.003039778
2770i,2770,310,C,H,H,M,2020-01-28T00:00:00Z,1,3.558,NA,2,6,C2,11,14,28,15,22.73,23.783,22.97,clear,20.87955556,15,5,H12,0.001573,0.001357667
1631i,1631,92,H,C,C,F,2020-01-08T00:00:00Z,5,5.726,NA,1,18,F7,42,44,102,10,24.363,23.783,24.632,clear,22.80322222,45,17,C8,0.00678,0.003039778
3495i,3495,284,C,H,C,M,2020-02-04T00:00:00Z,5,3.055,NA,1,10,C6,7,9,19,16,24.344,23.784,24.328,clear,22.85566667,10,4,H6,0.00154,0.001893333
1345i,1345,138,C,H,H,F,2020-01-04T00:00:00Z,3,5.525,NA,2,9,C9,21,24,52,6,24.375,23.794,23.81,clear,21.713,25,9,F10,0.0023,0.002126667
2749i,2749,294,H,C,H,M,2020-01-27T00:00:00Z,3,4.002,NA,0,2,H3,6,9,15,14,22.191,23.797,23.049,clear,21.04077778,10,3,H3,0.001133,0.004886333
2268i,2268,211,C,C,C,M,2020-01-20T00:00:00Z,1,4.921,NA,1,16,A7,18,19,48,11,23.797,23.797,23.196,clear,23.26977778,20,8,F3,0.002433,0.002566333
3891i,3891,349,C,C,C,F,2020-02-10T00:00:00Z,1,6.286,NA,1,10,A4,22,24,55,4,22.73,23.799,23.058,clear,23.49033333,25,10,D7,0.009567,0.001974667
2476i,2476,239,C,H,H,F,2020-01-23T00:00:00Z,3,4.894,NA,2,21,F2,12,14,33,6,23.639,23.799,23.799,clear,23.28877778,15,6,E8,0.002787,0.003100333
187i,187,24,H,H,H,F,2019-12-26T00:00:00Z,7,4.447,NA,0,17,E1,18,19,46,3,24.943,23.807,24.943,clear,26.169,20,8,E4,0.01,0.002566333
1566i,1566,182,C,H,H,M,2020-01-07T00:00:00Z,5,2.866,NA,1,7,B9,41,44,97,3,24.413,23.813,23.85,clear_after_clahe,26.13922222,45,17,G7,0.00116,0.003039778
1955i,1955,138,C,H,C,M,2020-01-13T00:00:00Z,5,4.043,NA,2,20,H1,11,14,27,11,24.988,23.825,24.425,clear,20.41122222,15,5,C3,0.001373,0.001357667
2206i,2206,193,C,C,C,M,2020-01-19T00:00:00Z,1,4.088,NA,0,8,E8,46,48,109,16,23.543,23.835,23.831,clear,23.05611111,49,19,C1,0.001633,0.001645444
3992i,3992,356,C,C,C,F,2020-02-13T00:00:00Z,5,6.038,NA,2,13,I6,26,29,62,10,23.431,23.838,23.187,clear,21.32666667,30,11,E7,0.00548,0.003033333
3515i,3515,259,C,H,C,M,2020-02-04T00:00:00Z,7,2.868,NA,1,9,G4,6,9,15,19,23.31,23.848,23.31,clear,21.04077778,10,3,D11,0.001027,0.004886333
2865i,2865,289,H,C,H,F,2020-01-28T00:00:00Z,1,5.458,NA,1,6,D10,7,9,20,14,22.762,23.854,23.033,clear,25.31988889,10,4,E11,0.004713,0.001893333
145i,145,30,H,C,H,F,2019-12-25T00:00:00Z,1,3.556,NA,1,17,F5,12,14,30,16,23.563,23.854,23.84,clear,23.90444444,15,5,D8,0.000646667,0.001357667
2284i,2284,223,H,H,H,F,2020-01-20T00:00:00Z,7,4.694,NA,0,5,G8,27,29,69,8,23.85,23.854,24.129,clear,21.78322222,30,12,G11,0.0086,0.002409
2914i,2914,319,C,H,H,F,2020-01-29T00:00:00Z,3,4.511,NA,0,1,G7,41,44,99,8,23.477,23.855,23.758,clear,24.16844444,45,17,C1,0.004007,0.003039778
2357i,2357,213,H,H,H,F,2020-01-21T00:00:00Z,7,4.34,NA,2,7,A3,18,19,48,17,23.877,23.877,23.877,clear,23.26977778,20,8,A2,0.001803,0.002566333
3886i,3886,348,C,C,C,F,2020-02-10T00:00:00Z,7,5.963,NA,1,13,F4,6,9,15,16,25.593,23.877,23.366,clear,21.04077778,10,3,D10,0.001473,0.004886333
3491i,3491,284,C,H,C,F,2020-02-04T00:00:00Z,3,6.016,NA,1,11,E2,1,4,2,19,23.92,23.92,23.906,clear,20.84455556,5,1,F2,0.00134,0.000988889
1845i,1845,211,C,C,H,F,2020-01-10T00:00:00Z,5,4.407,NA,1,19,B1,46,48,111,12,24.968,23.921,23.598,clear,21.88055556,49,19,G8,0.00396,0.001645444
3735i,3735,322,C,C,C,F,2020-02-06T00:00:00Z,1,5.592,NA,1,12,G3,7,9,18,15,24.227,23.96,25.88,clear,23.40777778,10,3,C8,0.002593,0.004886333
2400i,2400,209,C,C,C,F,2020-01-22T00:00:00Z,7,6.192,NA,2,5,I7,13,14,35,15,23.43,23.971,23.699,clear,22.43944444,15,6,B2,0.004827,0.003100333
3383i,3383,253,C,H,C,F,2020-02-03T00:00:00Z,7,5.729,NA,1,12,B8,42,44,101,8,24.596,24.019,23.447,clear,22.381,45,17,B7,0.002893,0.003039778
2255i,2255,196,C,H,C,F,2020-01-20T00:00:00Z,5,5.855,NA,0,8,B7,41,44,99,11,23.477,24.031,23.488,clear,24.16844444,45,17,C11,0.002633,0.003039778
1075i,1075,70,H,H,H,F,2020-01-02T00:00:00Z,7,4.459,NA,2,18,F3,41,44,99,10,23.711,24.035,23.711,clear,24.16844444,45,17,D10,0.001933,0.003039778
2953i,2953,223,H,H,C,M,2020-01-29T00:00:00Z,7,5.396,NA,0,5,A10,1,4,5,5,24.28,24.048,24.328,clear,21.13577778,5,1,E6,0.00254,0.000988889
458i,458,2,H,H,C,M,2019-12-30T00:00:00Z,5,3.111,NA,0,20,E8,11,14,27,10,24.158,24.063,23.52,clear,20.41122222,15,5,D2,0.00048,0.001357667
2456i,2456,252,C,H,H,M,2020-01-23T00:00:00Z,3,3.281,NA,2,5,C7,41,44,101,17,23.255,24.071,23.783,clear,22.381,45,17,A4,0.000853333,0.003039778
3159i,3159,234,H,H,C,M,2020-01-31T00:00:00Z,3,2.735,NA,1,4,E3,41,44,100,10,24.375,24.071,24.359,clear_after_clahe,24.20644444,45,17,G12,0.000833333,0.003039778
2898i,2898,311,C,H,H,F,2020-01-29T00:00:00Z,5,5.804,NA,2,3,F7,17,19,42,6,23.897,24.095,23.897,clear,21.98511111,20,7,E2,0.007813,0.002569889
261i,261,33,C,H,H,F,2019-12-28T00:00:00Z,5,4.252,NA,1,18,B7,23,24,58,17,23.594,24.103,23.543,clear,24.96022222,25,10,H10,0.003127,0.001974667
2466i,2466,227,H,H,H,F,2020-01-23T00:00:00Z,1,5.077,NA,1,7,F9,7,9,20,17,22.438,24.129,24.671,clear,25.31988889,10,4,C1,0.02,0.001893333
3395i,3395,260,C,H,C,F,2020-02-03T00:00:00Z,1,7.383,NA,1,4,B10,6,9,14,6,23.723,24.132,25.047,clear,20.51455556,10,3,B7,0.005473,0.004886333
4014i,4014,324,C,H,C,M,2020-02-14T00:00:00Z,3,3.93,NA,1,13,G9,42,44,104,16,24.817,24.134,24.817,clear,24.43144444,45,18,B9,0.01,0.001560222
1587i,1587,187,C,C,H,F,2020-01-07T00:00:00Z,1,6.944,NA,0,16,E7,21,24,50,10,23.854,24.146,23.854,clear,23.04711111,25,9,E3,0.006233,0.002126667
1967i,1967,128,C,C,C,F,2020-01-13T00:00:00Z,3,5.154,NA,2,18,G3,22,24,58,5,23.337,24.158,24.158,clear,24.96022222,25,10,C4,0.009567,0.001974667
2845i,2845,306,H,C,H,M,2020-01-28T00:00:00Z,7,3.013,NA,2,3,E5,23,24,58,16,23.825,24.158,24.457,clear,24.96022222,25,10,E1,0.007813,0.001974667
3009i,3009,223,H,H,C,F,2020-01-30T00:00:00Z,3,6.364,NA,0,1,D10,3,4,11,10,24.096,24.162,24.831,clear,16.72211111,5,2,D2,0.01,0.002135667
2475i,2475,239,C,H,H,F,2020-01-23T00:00:00Z,1,4.985,NA,2,7,F7,22,24,58,10,23.337,24.166,23.316,clear,24.96022222,25,10,E5,0.005567,0.001974667
1504i,1504,191,C,C,H,M,2020-01-06T00:00:00Z,1,4.067,NA,1,9,A8,17,19,45,6,23.699,24.205,24.454,clear,24.06788889,20,8,B5,0.003173,0.002566333
3629i,3629,318,C,H,C,F,2020-02-05T00:00:00Z,1,6.251,NA,1,3,A5,31,34,74,11,23.714,24.205,23.714,clear,19.76166667,35,13,H5,0.006327,0.001602333
4160i,4160,377,C,C,H,M,2020-02-20T00:00:00Z,3,2.697,NA,1,15,E8,31,34,76,6,24.227,24.227,23.656,clear,20.86737778,35,13,D2,0.000953333,0.001602333
2216i,2216,192,C,C,C,F,2020-01-19T00:00:00Z,3,6.107,NA,1,8,F4,28,29,71,14,25.144,24.253,24.784,clear,21.18411111,30,12,D8,0.003467,0.002409
1896i,1896,123,C,C,C,M,2020-01-11T00:00:00Z,5,2.952,NA,0,18,G7,7,9,18,5,23.829,24.278,23.003,clear,23.40777778,10,3,A6,0.001733,0.004886333
2165i,2165,187,C,C,C,F,2020-01-18T00:00:00Z,5,6.069,NA,0,8,A6,8,9,24,2,24.848,24.28,24.848,clear,29.34333333,10,4,C11,0.0031,0.001893333
3997i,3997,357,C,C,C,F,2020-02-13T00:00:00Z,7,5.077,NA,1,15,D7,41,44,99,1,23.773,24.281,24.266,clear,24.16844444,45,17,B9,0.007553,0.003039778
2174i,2174,179,H,C,C,M,2020-01-18T00:00:00Z,5,3.663,NA,0,7,I8,41,44,99,12,24.652,24.281,24.031,clear,24.16844444,45,17,F12,0.000813333,0.003039778
295i,295,40,H,H,H,F,2019-12-28T00:00:00Z,1,6.72,NA,1,18,E1,16,19,38,17,24.854,24.289,23.829,clear,22.34855556,20,7,G5,0.006273,0.002569889
2593i,2593,262,C,H,H,F,2020-01-26T00:00:00Z,3,6.475,NA,0,6,A9,26,29,61,11,24.301,24.317,24.025,clear,21.05455556,30,11,G3,0.001273,0.003033333
238i,238,5,H,H,C,M,2019-12-27T00:00:00Z,1,4.146,NA,2,16,C1,26,29,61,10,24.317,24.317,24.317,clear,21.05455556,30,11,G7,0.0012,0.003033333
2353i,2353,219,H,H,H,F,2020-01-21T00:00:00Z,3,5.351,NA,0,7,G1,28,29,71,16,24.317,24.317,24.317,clear,21.18411111,30,12,D11,0.0077,0.002409
1315i,1315,63,H,C,C,M,2020-01-04T00:00:00Z,3,3.148,NA,1,7,E8,22,24,56,4,23.764,24.328,24.472,clear_after_clahe,22.14844444,25,10,H9,0.001547,0.001974667
305i,305,50,H,C,H,F,2019-12-28T00:00:00Z,3,5.863,NA,2,17,G7,8,9,24,12,24.848,24.328,24.28,clear,29.34333333,10,4,F5,0.00838,0.001893333
4030i,4030,360,C,C,C,F,2020-02-14T00:00:00Z,1,5.733,NA,1,13,C9,16,19,39,10,25.038,24.328,25.32,clear,18.962,20,7,A3,0.005223,0.002569889
2695i,2695,298,H,C,H,F,2020-01-27T00:00:00Z,1,6.392,NA,1,6,F8,8,9,24,19,25.408,24.328,25.128,clear,29.34333333,10,4,G2,0.01,0.001893333
3490i,3490,284,C,H,C,F,2020-02-04T00:00:00Z,1,5.914,NA,1,3,H9,22,24,57,19,24.052,24.344,24.608,clear,23.50977778,25,10,F5,0.01,0.001974667
1817i,1817,109,C,H,C,F,2020-01-10T00:00:00Z,7,4.763,NA,2,20,I6,47,48,116,11,25.168,24.344,25.158,clear,23.26177778,49,20,B6,0.00035,0.000611111
2215i,2215,192,C,C,C,F,2020-01-19T00:00:00Z,1,6.997,NA,1,8,E3,8,9,24,6,25.448,24.344,25.448,clear,29.34333333,10,4,D5,0.01,0.001893333
3715i,3715,313,C,H,C,F,2020-02-06T00:00:00Z,1,6.159,NA,2,13,B2,47,48,116,6,25.448,24.344,25.408,clear,23.26177778,49,20,B9,0.00168,0.000611111
1389i,1389,119,C,H,H,F,2020-01-04T00:00:00Z,3,4.479,NA,2,7,E7,41,44,101,11,24.363,24.347,24.071,clear,22.381,45,17,H5,0.004413,0.003039778
3677i,3677,294,H,C,C,M,2020-02-06T00:00:00Z,5,3.964,NA,0,9,H5,28,29,72,6,24.868,24.347,24.363,clear,23.03055556,30,12,C1,0.001167,0.002409
3693i,3693,303,H,C,C,M,2020-02-06T00:00:00Z,3,3.787,NA,0,10,E8,8,9,22,11,23.353,24.359,25,clear,22.11688889,10,4,G4,0.002053,0.001893333
1629i,1629,92,H,C,C,F,2020-01-08T00:00:00Z,1,6.634,NA,1,20,B9,27,29,67,5,24.359,24.359,24.359,clear,21.08022222,30,12,C2,0.006487,0.002409
1319i,1319,70,H,H,C,M,2020-01-04T00:00:00Z,7,2.499,NA,2,19,F9,23,24,60,19,24.071,24.363,24.071,clear,23.88422222,25,10,G11,0.0013,0.001974667
791i,791,92,H,C,H,F,2019-12-31T00:00:00Z,3,4.807,NA,1,8,I10,42,44,102,11,24.363,24.363,24.632,clear,22.80322222,45,17,G11,0.006953,0.003039778
3091i,3091,348,C,C,H,F,2020-01-31T00:00:00Z,7,4.687,NA,1,11,G8,23,24,60,1,25.468,24.363,24.884,clear,23.88422222,25,10,C12,0.001213,0.001974667
1750i,1750,211,C,C,H,M,2020-01-09T00:00:00Z,5,3.352,NA,1,7,D4,22,24,55,8,25.468,24.363,24.363,clear,23.49033333,25,10,B6,0.00086,0.001974667
2590i,2590,269,H,C,H,M,2020-01-26T00:00:00Z,7,3.403,NA,2,1,A2,18,19,47,16,22.164,24.365,22.094,clear,23.19066667,20,8,E7,0.003113,0.002566333
2020i,2020,151,C,C,C,M,2020-01-14T00:00:00Z,3,3.707,NA,2,21,A7,41,44,98,4,23.516,24.369,24.365,clear_after_clahe,26.23411111,45,17,G9,0.001207,0.003039778
3285i,3285,356,C,C,H,F,2020-02-02T00:00:00Z,7,5.393,NA,2,10,B1,18,19,47,10,23.807,24.369,24.098,clear,23.19066667,20,8,B8,0.004473,0.002566333
4254i,4254,377,C,C,C,F,2020-02-28T00:00:00Z,7,5.432,NA,1,15,B1,43,44,107,3,24.375,24.375,24.215,clear,25.08688889,45,18,B1,0.02,0.001560222
2366i,2366,233,H,H,H,F,2020-01-21T00:00:00Z,3,5.062,NA,1,7,G5,21,24,53,4,24.315,24.379,24.255,clear,21.75544444,25,9,H2,0.002493,0.002126667
1502i,1502,191,C,C,H,F,2020-01-06T00:00:00Z,3,5.12,NA,1,20,C6,43,44,108,16,24.379,24.379,24.9,clear,23.92,45,18,F10,0.01,0.001560222
2451i,2451,208,C,C,C,F,2020-01-23T00:00:00Z,5,5.975,NA,1,5,F7,21,24,53,10,24.379,24.379,24.379,clear,21.75544444,25,9,C3,0.001067,0.002126667
2437i,2437,235,H,H,H,M,2020-01-22T00:00:00Z,7,2.484,NA,0,5,I9,43,44,108,17,25.485,24.379,25.485,clear_after_clahe,23.92,45,18,E2,0.00192,0.001560222
3404i,3404,262,C,H,C,F,2020-02-03T00:00:00Z,7,5.775,NA,0,12,F1,6,9,14,17,24.619,24.387,23.76,clear,20.51455556,10,3,H6,0.004693,0.004886333
241i,241,3,H,H,C,F,2019-12-27T00:00:00Z,1,6.809,NA,1,16,C2,21,24,50,14,24.413,24.396,23.854,clear,23.04711111,25,9,C12,0.003873,0.002126667
2896i,2896,310,C,H,H,F,2020-01-29T00:00:00Z,5,5.149,NA,2,3,F5,42,44,103,19,24.417,24.396,23.854,clear,24.86311111,45,18,D2,0.0023,0.001560222
3412i,3412,275,H,C,C,M,2020-02-03T00:00:00Z,7,3.085,NA,0,12,F7,8,9,23,16,24.43,24.398,24.9,clear_after_clahe,27.38455556,10,4,H4,0.00088,0.001893333
3381i,3381,253,C,H,C,F,2020-02-03T00:00:00Z,1,5.656,NA,1,4,A5,41,44,97,1,23.033,24.413,23.854,clear,26.13922222,45,17,B2,0.002033,0.003039778
4031i,4031,360,C,C,C,F,2020-02-14T00:00:00Z,3,6.393,NA,1,13,H5,21,24,50,11,23.854,24.413,23.029,clear,23.04711111,25,9,C9,0.001947,0.002126667
3425i,3425,298,H,C,C,F,2020-02-03T00:00:00Z,1,6.099,NA,1,3,H3,23,24,58,3,24.714,24.415,24.457,clear,24.96022222,25,10,B3,0.006693,0.001974667
199i,199,34,H,C,H,M,2019-12-27T00:00:00Z,3,2.652,NA,3,8,H5,8,9,23,14,24.695,24.43,24.9,clear,27.38455556,10,4,D11,0.00086,0.001893333
3059i,3059,317,C,H,H,F,2020-01-31T00:00:00Z,5,5.389,NA,1,4,G6,2,4,9,8,24.175,24.442,24.729,clear,22.61666667,5,2,A2,0.003213,0.002135667
3354i,3354,356,C,C,H,M,2020-02-03T00:00:00Z,3,2.956,NA,2,11,A5,28,29,70,5,24.787,24.445,24.445,clear,22.24755556,30,12,D1,0.001367,0.002409
3510i,3510,253,C,H,C,F,2020-02-04T00:00:00Z,5,5.101,NA,1,10,C9,2,4,8,15,23.187,24.448,24.787,clear,22.69533333,5,2,H12,0.001907,0.002135667
911i,911,65,H,H,C,M,2020-01-01T00:00:00Z,7,2.898,NA,2,19,F1,22,24,58,19,24.331,24.457,23.905,clear,24.96022222,25,10,C7,0.002,0.001974667
3123i,3123,351,C,C,H,M,2020-01-31T00:00:00Z,7,2.825,NA,1,11,G3,23,24,58,1,24.453,24.457,24.415,clear,24.96022222,25,10,F9,0.000853333,0.001974667
2686i,2686,304,H,C,H,M,2020-01-27T00:00:00Z,3,2.657,NA,0,2,G3,7,9,22,6,24.713,24.457,24.713,clear,22.11688889,10,4,H7,0.000606667,0.001893333
1561i,1561,182,C,H,H,F,2020-01-07T00:00:00Z,3,5.737,NA,1,9,B10,22,24,54,14,25.029,24.457,24.453,clear,23.02177778,25,9,D11,0.001007,0.002126667
3942i,3942,351,C,C,C,M,2020-02-11T00:00:00Z,1,4.329,NA,1,14,F6,28,29,70,19,24.488,24.488,24.171,clear,22.24755556,30,12,C9,0.002407,0.002409
2546i,2546,259,C,H,H,M,2020-01-25T00:00:00Z,5,2.796,NA,1,2,F5,41,44,99,19,24.852,24.516,24.852,clear_after_clahe,24.16844444,45,17,D3,0.00078,0.003039778
3029i,3029,227,H,H,C,M,2020-01-30T00:00:00Z,3,2.989,NA,1,1,D6,17,19,45,12,23.169,24.517,23.714,clear,24.06788889,20,8,H7,0.002693,0.002566333
2567i,2567,262,C,H,H,F,2020-01-25T00:00:00Z,7,4.407,NA,0,1,I2,21,24,49,8,24.266,24.555,24.567,clear,23.32666667,25,9,F4,0.001373,0.002126667
4244i,4244,383,C,C,C,F,2020-02-28T00:00:00Z,1,7.22,NA,1,13,E8,1,4,3,16,24.285,24.563,24.216,clear,21.94944444,5,1,H12,0.00132,0.000988889
1530i,1530,57,C,H,C,F,2020-01-07T00:00:00Z,3,6.247,NA,2,9,C1,2,4,7,5,24.44,24.566,24.512,clear,21.20211111,5,2,D4,0.02,0.002135667
2846i,2846,308,H,C,H,F,2020-01-28T00:00:00Z,1,5.316,NA,1,6,D1,21,24,49,6,24.02,24.567,23.743,clear,23.32666667,25,9,B2,0.003727,0.002126667
1633i,1633,92,H,C,C,M,2020-01-08T00:00:00Z,7,3.202,NA,1,19,A1,26,29,61,16,24.317,24.58,23.753,clear,21.05455556,30,11,E8,0.003013,0.003033333
3637i,3637,260,C,H,C,M,2020-02-06T00:00:00Z,3,3.55,NA,1,10,D7,46,48,111,5,24.317,24.584,23.338,clear,21.88055556,49,19,B3,0.001493,0.001645444
3710i,3710,307,H,C,C,M,2020-02-06T00:00:00Z,7,3.401,NA,2,14,E1,7,9,21,15,24.607,24.592,24.024,clear,22.65855556,10,4,C10,0.001467,0.001893333
3453i,3453,365,C,C,H,F,2020-02-04T00:00:00Z,5,6.34,NA,0,10,C2,7,9,21,3,26.781,24.607,26.256,clear,22.65855556,10,4,G11,0.009647,0.001893333
3909i,3909,323,C,H,C,F,2020-02-11T00:00:00Z,1,7.455,NA,2,14,G2,7,9,19,1,23.236,24.612,24.344,clear,22.85566667,10,4,E3,0.01,0.001893333
3823i,3823,331,C,H,C,M,2020-02-08T00:00:00Z,1,3.486,NA,1,10,F8,11,14,26,16,24.108,24.615,23.552,clear,21.64188889,15,5,G11,0.000993333,0.001357667
3019i,3019,230,H,H,C,M,2020-01-30T00:00:00Z,5,3.295,NA,2,4,G2,41,44,98,16,23.807,24.632,24.877,clear,26.23411111,45,17,E2,0.00088,0.003039778
3512i,3512,259,C,H,C,F,2020-02-04T00:00:00Z,5,6.078,NA,1,10,C10,41,44,101,15,24.363,24.632,24.347,clear,22.381,45,17,F6,0.006807,0.003039778
3396i,3396,260,C,H,C,F,2020-02-03T00:00:00Z,3,6.024,NA,1,11,B2,42,44,102,5,25.468,24.632,25.733,clear,22.80322222,45,17,H11,0.004007,0.003039778
2724i,2724,299,H,C,H,M,2020-01-27T00:00:00Z,3,3.478,NA,2,2,H9,11,14,26,5,24.542,24.663,24.915,clear,21.64188889,15,5,C7,0.001207,0.001357667
3224i,3224,350,C,C,H,M,2020-02-01T00:00:00Z,5,2.396,NA,1,10,I1,11,14,26,8,25.154,24.663,25.515,clear,21.64188889,15,5,F7,0.0016,0.001357667
3305i,3305,250,H,H,C,M,2020-02-02T00:00:00Z,3,3.575,NA,2,3,I2,42,44,102,8,25.468,24.668,24.347,clear,22.80322222,45,17,H3,0.001573,0.003039778
3482i,3482,276,H,C,C,F,2020-02-04T00:00:00Z,7,5.833,NA,1,9,F7,11,14,27,15,23.299,24.709,23.866,clear,20.41122222,15,5,E11,0.02,0.001357667
2622i,2622,272,H,C,H,M,2020-01-26T00:00:00Z,5,3.016,NA,2,2,B4,7,9,21,14,25.764,24.716,25.163,clear,22.65855556,10,4,E10,0.0013,0.001893333
4251i,4251,377,C,C,C,F,2020-02-28T00:00:00Z,1,6.232,NA,1,13,E5,16,19,38,8,23.87,24.722,25.542,clear,22.34855556,20,7,B3,0.006013,0.002569889
2636i,2636,275,H,C,H,F,2020-01-27T00:00:00Z,3,5.94,NA,0,2,F8,12,14,34,17,24.344,24.724,24.065,clear,20.47455556,15,6,G4,0.00868,0.003100333
1316i,1316,70,H,H,C,F,2020-01-04T00:00:00Z,3,5.465,NA,2,7,E3,17,19,44,4,22.599,24.755,24.171,clear,23.83822222,20,8,H2,0.01,0.002566333
260i,260,33,C,H,H,F,2019-12-28T00:00:00Z,3,5.668,NA,1,17,H1,41,44,98,15,24.926,24.779,24.816,clear,26.23411111,45,17,F5,0.00554,0.003039778
2606i,2606,253,C,H,H,F,2020-01-26T00:00:00Z,7,4.94,NA,1,1,A7,21,24,49,17,24.567,24.797,24.555,clear,23.32666667,25,9,G10,0.001727,0.002126667
1600i,1600,193,C,C,H,F,2020-01-07T00:00:00Z,5,5.134,NA,0,7,A6,18,19,47,15,24.098,24.803,23.807,clear,23.19066667,20,8,G5,0.008393,0.002566333
3415i,3415,284,C,H,C,M,2020-02-03T00:00:00Z,1,3.085,NA,1,3,G9,42,44,104,19,24.817,24.817,24.247,clear,24.43144444,45,18,A7,0.000993333,0.001560222
3302i,3302,238,H,C,C,F,2020-02-02T00:00:00Z,5,5.75,NA,2,11,F1,11,14,25,4,24.852,24.821,24.41,clear,22.87555556,15,5,B8,0.01,0.001357667
2171i,2171,179,H,C,C,F,2020-01-18T00:00:00Z,3,5.666,NA,0,15,I1,23,24,59,4,24.992,24.836,23.759,clear,20.87455556,25,10,G2,0.002187,0.001974667
2637i,2637,275,H,C,H,F,2020-01-27T00:00:00Z,5,5.509,NA,0,1,I4,7,9,19,5,25.741,24.843,25.876,clear_after_clahe,22.85566667,10,4,D3,0.01,0.001893333
163i,163,30,H,C,H,F,2019-12-26T00:00:00Z,7,4.117,NA,1,17,D6,41,44,100,3,24.64,24.844,24.311,clear,24.20644444,45,17,A5,0.000593333,0.003039778
3516i,3516,260,C,H,C,F,2020-02-04T00:00:00Z,5,6.231,NA,1,10,D1,41,44,100,1,25.481,24.844,24.88,clear,24.20644444,45,17,A6,0.001227,0.003039778
3079i,3079,331,C,H,H,F,2020-01-31T00:00:00Z,7,4.345,NA,1,11,G9,46,48,112,16,24.848,24.848,24.848,clear_after_clahe,19.50088889,49,19,B1,0.00566,0.001645444
365i,365,3,H,H,C,F,2019-12-28T00:00:00Z,5,4.644,NA,1,17,C5,22,24,56,19,25.732,24.848,25.732,clear,22.14844444,25,10,C11,0.001393,0.001974667
2942i,2942,215,H,H,C,F,2020-01-29T00:00:00Z,7,6.214,NA,2,5,A6,26,29,63,15,25.988,24.852,24.852,clear,20.80288889,30,11,G6,0.00348,0.003033333
1852i,1852,209,C,C,H,F,2020-01-10T00:00:00Z,7,5.632,NA,2,20,I8,22,24,56,15,24.344,24.864,24.608,clear,22.14844444,25,10,E8,0.00836,0.001974667
396i,396,56,C,H,H,F,2019-12-29T00:00:00Z,3,5.279,NA,1,16,D6,8,9,24,3,25.932,24.864,25.664,clear,29.34333333,10,4,F4,0.006427,0.001893333
300i,300,40,H,H,H,M,2019-12-28T00:00:00Z,3,3.623,NA,1,21,B6,41,44,98,8,24.816,24.877,24.877,clear,26.23411111,45,17,C3,0.001373,0.003039778
3925i,3925,344,C,C,C,F,2020-02-11T00:00:00Z,7,6.315,NA,2,13,I1,18,19,47,14,25.025,24.877,24.877,clear,23.19066667,20,8,D10,0.005673,0.002566333
1040i,1040,63,H,C,C,M,2020-01-02T00:00:00Z,1,3.83,NA,1,16,G5,43,44,107,17,25.192,24.88,24.644,clear,25.08688889,45,18,E4,0.000713333,0.001560222
2527i,2527,250,H,H,H,M,2020-01-24T00:00:00Z,1,2.873,NA,2,8,D6,23,24,60,8,23.251,24.884,24.363,clear,23.88422222,25,10,B9,0.000686667,0.001974667
3043i,3043,233,H,H,C,M,2020-01-30T00:00:00Z,5,3.802,NA,1,4,G4,47,48,116,19,24.344,24.884,25.16,clear,23.26177778,49,20,C8,0.00022,0.000611111
2291i,2291,222,H,H,H,F,2020-01-20T00:00:00Z,5,4.444,NA,2,8,B5,22,24,55,17,25.038,24.884,24.868,clear,23.49033333,25,10,F11,0.004453,0.001974667
2358i,2358,213,H,H,H,M,2020-01-21T00:00:00Z,7,1.784,NA,2,7,A2,41,44,100,6,24.359,24.896,24.896,clear,24.20644444,45,17,D1,0.001453,0.003039778
2247i,2247,208,C,C,C,M,2020-01-20T00:00:00Z,7,3.105,NA,1,5,I3,27,29,67,17,24.359,24.896,24.359,clear,21.08022222,30,12,C12,0.001,0.002409
857i,857,35,H,C,C,M,2020-01-01T00:00:00Z,1,5.403,NA,3,17,D4,41,44,100,11,24.375,24.896,23.81,clear,24.20644444,45,17,C10,0.002007,0.003039778
2623i,2623,272,H,C,H,M,2020-01-26T00:00:00Z,7,3.073,NA,2,1,A6,27,29,70,1,24.787,24.896,23.855,clear_after_clahe,22.24755556,30,12,H12,0.00176,0.002409
322i,322,54,H,H,H,M,2019-12-28T00:00:00Z,1,3.891,NA,1,18,D4,18,19,47,6,25.496,24.926,24.926,clear,23.19066667,20,8,A3,0.004173,0.002566333
2797i,2797,318,C,H,H,M,2020-01-28T00:00:00Z,1,3.084,NA,1,6,C8,41,44,98,6,24.631,24.943,24.82,clear,26.23411111,45,17,F10,0.000666667,0.003039778
3048i,3048,235,H,H,C,M,2020-01-30T00:00:00Z,3,3.751,NA,0,1,D4,18,19,47,5,24.943,24.943,25.213,clear,23.19066667,20,8,E11,0.002453,0.002566333
4252i,4252,377,C,C,C,F,2020-02-28T00:00:00Z,3,5.054,NA,1,13,E1,18,19,46,8,24.943,24.943,24.943,clear,26.169,20,8,B9,0.002353,0.002566333
3500i,3500,290,H,C,C,M,2020-02-04T00:00:00Z,1,4.17,NA,1,3,F9,8,9,23,8,23.318,24.952,25.498,clear,27.38455556,10,4,B8,0.001427,0.001893333
4333i,4333,369,C,C,C,F,2020-03-02T00:00:00Z,3,6.288,NA,1,13,D5,2,4,10,3,25.035,24.952,24.429,clear,22.52377778,5,2,E1,0.004487,0.002135667
2368i,2368,233,H,H,H,M,2020-01-21T00:00:00Z,7,2.649,NA,1,6,I8,41,44,97,12,24.396,24.975,24.766,clear_after_clahe,26.13922222,45,17,B4,0.002167,0.003039778
2361i,2361,221,H,H,H,F,2020-01-21T00:00:00Z,5,4.297,NA,2,5,C3,43,44,106,16,24.457,24.986,24.741,clear,24.35088889,45,18,G3,0.00582,0.001560222
1821i,1821,106,H,C,C,F,2020-01-10T00:00:00Z,3,6.235,NA,2,21,D7,7,9,20,10,23.308,24.992,22.138,clear,25.31988889,10,4,B1,0.02,0.001893333
1686i,1686,196,C,H,H,F,2020-01-08T00:00:00Z,7,4.836,NA,0,19,B2,41,44,97,2,24.129,24.992,24.146,clear,26.13922222,45,17,E3,0.001853,0.003039778
3481i,3481,276,H,C,C,F,2020-02-04T00:00:00Z,3,5.116,NA,1,11,E3,41,44,97,11,24.396,24.992,23.996,clear,26.13922222,45,17,C6,0.002953,0.003039778
103i,103,14,H,H,H,F,2019-12-23T00:00:00Z,7,4.611,NA,3,8,I3,7,9,20,12,25.472,24.992,24.992,clear,25.31988889,10,4,D2,0.00296,0.001893333
3058i,3058,311,C,H,H,F,2020-01-31T00:00:00Z,3,4.962,NA,2,4,G5,42,44,103,11,25.684,24.992,24.992,clear,24.86311111,45,18,D10,0.00808,0.001560222
885i,885,58,C,H,C,M,2020-01-01T00:00:00Z,7,5.199,NA,2,18,A6,42,44,103,4,25.772,24.992,24.813,clear,24.86311111,45,18,E1,0.0027,0.001560222
3941i,3941,351,C,C,C,F,2020-02-11T00:00:00Z,5,6.706,NA,1,14,A7,18,19,48,19,24.71,25,24.824,clear,23.26977778,20,8,G3,0.003513,0.002566333
4145i,4145,369,C,C,H,M,2020-02-20T00:00:00Z,5,2.78,NA,1,15,F1,26,29,64,16,25.275,25.004,25.407,clear,22.49188889,30,11,C9,0.00092,0.003033333
2224i,2224,213,H,H,H,M,2020-01-19T00:00:00Z,1,3.293,NA,2,8,F5,17,19,44,16,24.171,25.012,25.315,clear_after_clahe,23.83822222,20,8,H1,0.05,0.002566333
3125i,3125,306,H,C,H,F,2020-01-31T00:00:00Z,5,5.366,NA,2,4,B3,17,19,44,14,23.393,25.031,24.903,clear,23.83822222,20,8,F8,0.003233,0.002566333
2745i,2745,294,H,C,H,F,2020-01-27T00:00:00Z,3,6.131,NA,0,2,H4,22,24,55,14,23.799,25.04,24.884,clear,23.49033333,25,10,A8,0.003227,0.001974667
3284i,3284,356,C,C,H,F,2020-02-02T00:00:00Z,1,6.122,NA,2,4,A8,42,44,106,3,24.988,25.054,25.175,clear,24.35088889,45,18,G10,0.004333,0.001560222
2629i,2629,268,C,H,H,F,2020-01-27T00:00:00Z,1,6.297,NA,1,6,G7,26,29,63,16,24.281,25.109,24.852,clear,20.80288889,30,11,A4,0.00624,0.003033333
925i,925,109,C,H,H,M,2020-01-01T00:00:00Z,1,3.898,NA,2,17,A7,3,4,12,4,26.041,25.122,24.266,clear_after_clahe,21.25233333,5,2,G6,0.002807,0.002135667
3526i,3526,269,H,C,C,M,2020-02-04T00:00:00Z,1,4.11,NA,2,3,G2,26,29,61,1,25.42,25.144,25.42,clear,21.05455556,30,11,H3,0.00122,0.003033333
2190i,2190,181,H,C,C,M,2020-01-18T00:00:00Z,3,3.846,NA,2,16,B1,17,19,44,15,26.732,25.146,25.276,clear,23.83822222,20,8,B3,0.003353,0.002566333
317i,317,39,H,H,H,M,2019-12-28T00:00:00Z,5,2.484,NA,2,17,D8,43,44,107,11,25.481,25.16,25.481,clear,25.08688889,45,18,G9,0.000273333,0.001560222
3244i,3244,233,H,H,C,F,2020-02-01T00:00:00Z,3,6.194,NA,1,4,D9,13,14,34,16,26.312,25.172,26.126,clear,20.47455556,15,6,B4,0.00928,0.003100333
3332i,3332,262,C,H,C,M,2020-02-02T00:00:00Z,1,5.045,NA,0,3,I9,7,9,18,4,27.155,25.175,24.482,clear,23.40777778,10,3,D5,0.000986667,0.004886333
1191i,1191,128,C,C,H,F,2020-01-03T00:00:00Z,1,6.189,NA,2,19,D8,41,44,98,19,24.369,25.18,24.816,clear,26.23411111,45,17,F9,0.00544,0.003039778
871i,871,40,H,H,C,M,2020-01-01T00:00:00Z,1,3.623,NA,1,17,C8,42,44,102,1,25.428,25.188,24.868,clear,22.80322222,45,17,G1,0.005373,0.003039778
1223i,1223,123,C,C,H,M,2020-01-03T00:00:00Z,1,3.662,NA,0,19,D2,43,44,107,2,25.481,25.2,25.745,clear,25.08688889,45,18,A5,0.006027,0.001560222
3636i,3636,360,C,C,H,F,2020-02-06T00:00:00Z,3,5.139,NA,1,10,D6,21,24,53,14,25.445,25.208,25.044,clear,21.75544444,25,9,D5,0.02,0.002126667
757i,757,106,H,C,H,F,2019-12-31T00:00:00Z,1,6.069,NA,2,16,H7,42,44,105,17,25.478,25.254,25.254,clear,21.326,45,18,E3,0.0018,0.001560222
184i,184,24,H,H,H,M,2019-12-26T00:00:00Z,1,3.068,NA,0,16,E4,42,44,103,8,25.83,25.263,25.509,clear,24.86311111,45,18,D3,0.000426667,0.001560222
2551i,2551,253,C,H,H,F,2020-01-25T00:00:00Z,1,5.763,NA,1,5,D4,22,24,54,8,25.623,25.269,25.606,clear,23.02177778,25,9,A1,0.001227,0.002126667
3911i,3911,323,C,H,C,M,2020-02-11T00:00:00Z,7,3.187,NA,2,13,H9,26,29,64,14,24.158,25.275,23.866,clear,22.49188889,30,11,D12,0.00716,0.003033333
1336i,1336,123,C,C,H,F,2020-01-04T00:00:00Z,7,4.638,NA,0,19,I3,18,19,48,8,25.576,25.286,25.143,clear,23.26977778,20,8,F10,0.007973,0.002566333
3685i,3685,299,H,C,C,M,2020-02-06T00:00:00Z,7,3.568,NA,2,14,D7,43,44,106,14,24.403,25.292,25.14,clear,24.35088889,45,18,C5,0.004213,0.001560222
4253i,4253,377,C,C,C,F,2020-02-28T00:00:00Z,5,6.205,NA,1,13,D7,7,9,21,11,25.669,25.329,24.996,clear,22.65855556,10,4,F7,0.009893,0.001893333
3057i,3057,259,C,H,H,F,2020-01-31T00:00:00Z,7,4.009,NA,1,11,H5,7,9,18,16,24.76,25.335,24.634,clear,23.40777778,10,3,E6,0.004853,0.004886333
2867i,2867,290,H,C,H,F,2020-01-28T00:00:00Z,3,5.83,NA,1,2,A3,6,9,17,17,24.817,25.339,24.817,clear,23.17555556,10,3,D3,0.004787,0.004886333
2229i,2229,215,H,H,H,M,2020-01-19T00:00:00Z,3,3.335,NA,2,8,G4,47,48,116,16,26.88,25.408,26.024,clear,23.26177778,49,20,C1,0.000323333,0.000611111
2731i,2731,295,H,C,H,M,2020-01-27T00:00:00Z,1,3.416,NA,1,6,F1,41,44,100,14,25.481,25.441,24.896,clear,24.20644444,45,17,G8,0.00098,0.003039778
2028i,2028,119,C,H,C,F,2020-01-14T00:00:00Z,3,6.018,NA,2,21,A3,47,48,116,4,25.448,25.448,25.448,clear,23.26177778,49,20,C4,0.00146,0.000611111
3204i,3204,344,C,C,H,F,2020-02-01T00:00:00Z,7,5.325,NA,2,13,A5,22,24,56,17,26.312,25.448,26.312,clear,22.14844444,25,10,C9,0.006973,0.001974667
240i,240,3,H,H,C,M,2019-12-27T00:00:00Z,5,3.707,NA,1,16,E3,47,48,116,8,26.612,25.448,25.448,clear,23.26177778,49,20,C9,0.000223333,0.000611111
3173i,3173,239,C,H,C,F,2020-01-31T00:00:00Z,3,6.175,NA,2,4,B9,42,44,102,16,24.363,25.468,25.468,clear,22.80322222,45,17,H4,0.03,0.003039778
3394i,3394,259,C,H,C,F,2020-02-03T00:00:00Z,1,5.79,NA,1,4,C7,23,24,60,14,25.468,25.468,25.468,clear,23.88422222,25,10,H3,0.008367,0.001974667
3520i,3520,262,C,H,C,F,2020-02-04T00:00:00Z,3,6.829,NA,0,11,D5,42,44,102,6,25.468,25.468,24.884,clear,22.80322222,45,17,C5,0.00478,0.003039778
3784i,3784,322,C,C,C,F,2020-02-07T00:00:00Z,5,5.92,NA,1,14,G7,42,44,102,19,26.633,25.468,26.029,clear,22.80322222,45,17,B3,0.01,0.003039778
1133i,1133,39,H,H,C,F,2020-01-03T00:00:00Z,7,4.413,NA,2,19,H6,43,44,107,5,25.677,25.477,25.276,clear,25.08688889,45,18,B4,0.00006,0.001560222
3171i,3171,250,H,H,C,F,2020-01-31T00:00:00Z,1,6.978,NA,2,1,E6,43,44,107,15,25.481,25.481,25.481,clear_after_clahe,25.08688889,45,18,F6,0.02,0.001560222
3220i,3220,350,C,C,H,F,2020-02-01T00:00:00Z,1,5.715,NA,1,1,D2,41,44,100,17,26.322,25.481,25.481,clear,24.20644444,45,17,F7,0.001893,0.003039778
1183i,1183,56,C,H,C,F,2020-01-03T00:00:00Z,5,4.858,NA,1,19,G6,21,24,52,10,26.646,25.481,25.481,clear,21.713,25,9,H8,0.02,0.002126667
3660i,3660,272,H,C,C,F,2020-02-06T00:00:00Z,3,6.641,NA,2,10,E1,21,24,53,16,24.507,25.485,24.379,clear,21.75544444,25,9,D6,0.005047,0.002126667
4016i,4016,347,C,C,C,F,2020-02-14T00:00:00Z,5,5.679,NA,1,15,C9,43,44,108,15,24.92,25.485,25.485,clear,23.92,45,18,E11,0.01,0.001560222
3158i,3158,234,H,H,C,F,2020-01-31T00:00:00Z,1,5.205,NA,1,1,I8,43,44,108,5,25.445,25.485,25.196,clear,23.92,45,18,G7,0.00456,0.001560222
348i,348,5,H,H,C,F,2019-12-28T00:00:00Z,1,6.21,NA,2,18,D8,8,9,23,10,26.678,25.498,26.116,clear,27.38455556,10,4,D12,0.01,0.001893333
3860i,3860,322,C,C,C,F,2020-02-10T00:00:00Z,3,5.214,NA,1,14,B9,7,9,20,16,27.419,25.509,26.716,clear,25.31988889,10,4,C8,0.002607,0.001893333
892i,892,54,H,H,C,F,2020-01-01T00:00:00Z,3,5.178,NA,1,20,F6,26,29,64,17,24.938,25.522,25.522,clear,22.49188889,30,11,B8,0.006153,0.003033333
1053i,1053,56,C,H,C,F,2020-01-02T00:00:00Z,1,5.426,NA,1,9,A3,21,24,50,8,24.992,25.526,25.526,clear,23.04711111,25,9,A5,0.0074,0.002126667
1669i,1669,179,H,C,H,F,2020-01-08T00:00:00Z,5,5.321,NA,0,21,E8,42,44,103,15,24.413,25.542,24.413,clear,24.86311111,45,18,F7,0.00248,0.001560222
972i,972,106,H,C,H,F,2020-01-01T00:00:00Z,7,4.778,NA,2,18,A3,7,9,20,6,24.992,25.546,25.546,clear,25.31988889,10,4,B5,0.0052,0.001893333
3587i,3587,275,H,C,C,F,2020-02-05T00:00:00Z,5,5.354,NA,0,12,E4,16,19,38,16,24.696,25.563,24.145,clear,22.34855556,20,7,F7,0.003527,0.002569889
304i,304,50,H,C,H,F,2019-12-28T00:00:00Z,1,6.943,NA,2,18,C4,26,29,65,14,26.153,25.595,26.153,clear,23.90366667,30,11,F6,0.00378,0.003033333
2462i,2462,238,H,C,H,M,2020-01-23T00:00:00Z,3,3.748,NA,2,5,D2,42,44,104,15,25.882,25.597,26.474,clear,24.43144444,45,18,E10,0.000186667,0.001560222
2380i,2380,230,H,H,H,M,2020-01-21T00:00:00Z,5,2.534,NA,2,5,B10,23,24,60,17,24.347,25.733,23.803,clear,23.88422222,25,10,H12,0.00234,0.001974667
3752i,3752,294,H,C,C,F,2020-02-07T00:00:00Z,3,6.371,NA,0,12,F5,22,24,55,16,26.045,25.733,25.953,clear,23.49033333,25,10,F10,0.009687,0.001974667
2511i,2511,213,H,H,H,M,2020-01-24T00:00:00Z,5,4.67,NA,2,6,A6,43,44,107,6,25.481,25.745,25.965,clear,25.08688889,45,18,C10,0.00374,0.001560222
2705i,2705,315,C,H,H,M,2020-01-27T00:00:00Z,3,3.489,NA,2,2,G10,41,44,98,1,25.459,25.779,25.422,clear,26.23411111,45,17,B6,0.002887,0.003039778
3330i,3330,260,C,H,C,M,2020-02-02T00:00:00Z,1,4.034,NA,1,3,I8,18,19,47,19,26.074,25.787,26.074,clear,23.19066667,20,8,F12,0.002893,0.002566333
2774i,2774,311,C,H,H,F,2020-01-28T00:00:00Z,7,4.437,NA,2,3,C3,26,29,64,15,26.73,25.842,25.004,clear,22.49188889,30,11,C8,0.00994,0.003033333
1346i,1346,138,C,H,H,F,2020-01-04T00:00:00Z,5,5.485,NA,2,20,D3,7,9,19,4,23.525,25.86,25.984,clear,22.85566667,10,4,F1,0.01,0.001893333
2282i,2282,223,H,H,H,F,2020-01-20T00:00:00Z,3,5.721,NA,0,7,I1,17,19,44,8,25.315,25.86,26.148,clear,23.83822222,20,8,B4,0.005753,0.002566333
190i,190,4,H,H,C,F,2019-12-26T00:00:00Z,1,5.019,NA,1,17,E6,23,24,60,6,25.348,25.881,25.468,clear,23.88422222,25,10,H11,0.01,0.001974667
1177i,1177,70,H,H,C,F,2020-01-03T00:00:00Z,1,5.921,NA,2,19,C5,6,9,17,8,24.267,25.882,26.218,clear,23.17555556,10,3,H2,0.02,0.004886333
4051i,4051,324,C,H,C,F,2020-02-15T00:00:00Z,5,5.457,NA,1,15,C3,17,19,44,19,25.012,25.887,25.572,clear,23.83822222,20,8,C3,0.007573,0.002566333
2246i,2246,208,C,C,C,M,2020-01-20T00:00:00Z,5,3.492,NA,1,8,C3,41,44,100,19,26.306,25.893,25.441,clear_after_clahe,24.20644444,45,17,H12,0.001407,0.003039778
1856i,1856,63,H,C,C,F,2020-01-11T00:00:00Z,7,4.314,NA,1,20,G3,17,19,45,2,25.923,25.923,25.923,clear,24.06788889,20,8,F1,0.004993,0.002566333
2787i,2787,313,C,H,H,M,2020-01-28T00:00:00Z,7,2.588,NA,2,3,C5,27,29,65,6,24.494,25.94,24.793,clear,23.90366667,30,11,E12,0.00234,0.003033333
3338i,3338,347,C,C,H,F,2020-02-03T00:00:00Z,3,5.048,NA,1,11,A1,41,44,98,5,26.074,26.074,26.074,clear,26.23411111,45,17,B1,0.01,0.003039778
1348i,1348,138,C,H,H,M,2020-01-04T00:00:00Z,3,4.132,NA,2,9,D7,42,44,102,4,28.383,26.085,26.898,clear_after_clahe,22.80322222,45,17,D6,0.00042,0.003039778
3811i,3811,318,C,H,C,F,2020-02-08T00:00:00Z,5,5.429,NA,1,14,C8,47,48,116,14,25.448,26.126,26.126,clear,23.26177778,49,20,B4,0.003533,0.000611111
2624i,2624,272,H,C,H,F,2020-01-26T00:00:00Z,1,5.487,NA,2,5,E9,42,44,106,10,26.19,26.149,26.482,clear,24.35088889,45,18,C9,0.00108,0.001560222
3221i,3221,350,C,C,H,F,2020-02-01T00:00:00Z,3,4.86,NA,1,4,C8,7,9,18,6,24.76,26.159,24.737,clear,23.40777778,10,3,F4,0.00592,0.004886333
865i,865,33,C,H,C,F,2020-01-01T00:00:00Z,5,5.23,NA,1,9,C8,42,44,106,11,25.572,26.19,25.054,clear,24.35088889,45,18,F3,0.001453,0.001560222
3923i,3923,344,C,C,C,F,2020-02-11T00:00:00Z,3,6.891,NA,2,11,I7,42,44,106,4,26.19,26.19,26.149,clear,24.35088889,45,18,E8,0.005827,0.001560222
3779i,3779,319,C,H,C,F,2020-02-07T00:00:00Z,3,6.48,NA,0,12,B5,26,29,65,19,26.21,26.21,26.826,super_clear,23.90366667,30,11,G5,0.003073,0.003033333
3895i,3895,349,C,C,C,M,2020-02-10T00:00:00Z,3,4.08,NA,1,14,C3,7,9,19,8,24.848,26.228,23.87,clear,22.85566667,10,4,H5,0.00112,0.001893333
1601i,1601,193,C,C,H,F,2020-01-07T00:00:00Z,7,4.849,NA,0,7,D5,3,4,11,5,26.322,26.25,25.414,clear,16.72211111,5,2,D3,0.01,0.002135667
3479i,3479,275,H,C,C,M,2020-02-04T00:00:00Z,5,3.28,NA,0,10,C4,8,9,23,4,25.297,26.268,25.638,clear,27.38455556,10,4,B2,0.000966667,0.001893333
3832i,3832,331,C,H,C,F,2020-02-09T00:00:00Z,3,5.839,NA,1,14,H5,22,24,56,8,25.448,26.312,25.448,clear,22.14844444,25,10,G12,0.01,0.001974667
1632i,1632,92,H,C,C,F,2020-01-08T00:00:00Z,7,6.143,NA,1,19,B3,7,9,19,19,25.104,26.317,26.852,clear,22.85566667,10,4,E7,0.002787,0.001893333
2854i,2854,215,H,H,C,F,2020-01-28T00:00:00Z,1,6.442,NA,2,5,I6,7,9,19,11,26.008,26.317,24.884,clear,22.85566667,10,4,E9,0.01,0.001893333
1681i,1681,195,C,H,H,M,2020-01-08T00:00:00Z,5,3.092,NA,2,21,D5,7,9,19,17,25.448,26.42,25.028,clear_after_clahe,22.85566667,10,4,F11,0.00092,0.001893333
1260i,1260,119,C,H,H,M,2020-01-03T00:00:00Z,1,3.383,NA,2,20,E7,42,44,106,17,26.19,26.461,26.146,clear,24.35088889,45,18,C1,0.00164,0.001560222
2406i,2406,228,H,H,H,F,2020-01-22T00:00:00Z,1,6.017,NA,0,7,I6,18,19,48,16,26.14,26.463,26.463,clear,23.26977778,20,8,E8,0.004333,0.002566333
401i,401,54,H,H,H,F,2019-12-29T00:00:00Z,5,6.283,NA,1,19,B6,22,24,58,15,25.623,26.482,26.743,clear,24.96022222,25,10,C8,0.009367,0.001974667
2244i,2244,208,C,C,C,M,2020-01-20T00:00:00Z,1,3.605,NA,1,15,I7,43,44,106,15,25.893,26.482,26.19,clear,24.35088889,45,18,D6,0.001927,0.001560222
4303i,4303,377,C,C,C,M,2020-02-29T00:00:00Z,3,4.434,NA,1,13,D8,41,44,98,11,26.418,26.496,26.496,clear_after_clahe,26.23411111,45,17,E7,0.0016,0.003039778
3588i,3588,275,H,C,C,F,2020-02-05T00:00:00Z,7,5.683,NA,0,14,I7,47,48,116,17,26.612,26.584,26.584,clear,23.26177778,49,20,B3,0.003327,0.000611111
3991i,3991,356,C,C,C,F,2020-02-13T00:00:00Z,1,6.635,NA,2,11,I2,11,14,28,6,25.137,26.605,25.733,clear,20.87955556,15,5,F10,0.004293,0.001357667
3653i,3653,269,H,C,C,M,2020-02-06T00:00:00Z,3,3.902,NA,2,10,D9,47,48,116,12,26.54,26.612,26.024,clear,23.26177778,49,20,B5,0.000136667,0.000611111
1044i,1044,58,C,H,C,F,2020-01-02T00:00:00Z,5,5.717,NA,2,7,E6,7,9,20,15,25.263,26.622,25.14,clear,25.31988889,10,4,E8,0.01,0.001893333
3097i,3097,349,C,C,H,F,2020-01-31T00:00:00Z,7,5.413,NA,1,11,G6,23,24,60,16,26.633,26.633,26.633,clear,23.88422222,25,10,E6,0.005813,0.001974667
3729i,3729,317,C,H,C,F,2020-02-06T00:00:00Z,7,5.702,NA,1,14,D3,43,44,107,16,26.646,26.646,26.618,clear,25.08688889,45,18,D7,0.01,0.001560222
1739i,1739,209,C,C,H,M,2020-01-09T00:00:00Z,1,3.773,NA,2,7,A9,7,9,21,6,25.136,26.649,26.827,clear_after_clahe,22.65855556,10,4,E1,0.000646667,0.001893333
3056i,3056,230,H,H,C,F,2020-01-30T00:00:00Z,1,6.375,NA,2,2,C10,21,24,53,15,26.763,26.65,26.65,clear,21.75544444,25,9,B9,0.00416,0.002126667
3576i,3576,269,H,C,C,M,2020-02-05T00:00:00Z,7,3.341,NA,2,15,A1,41,44,98,17,27.266,26.664,26.074,clear,26.23411111,45,17,A7,0.001487,0.003039778
3511i,3511,259,C,H,C,F,2020-02-04T00:00:00Z,3,6.431,NA,1,11,D7,27,29,69,4,25.981,26.675,26.67,clear,21.78322222,30,12,E2,0.01,0.002409
3100i,3100,349,C,C,H,M,2020-01-31T00:00:00Z,7,2.883,NA,1,11,G5,12,14,30,6,26.125,26.675,26.125,clear,23.90444444,15,5,H3,0.001213,0.001357667
3884i,3884,348,C,C,C,F,2020-02-10T00:00:00Z,1,6.429,NA,1,10,A2,22,24,54,16,26.785,26.785,26.785,clear,23.02177778,25,9,D1,0.009253,0.002126667
663i,663,30,H,C,C,F,2019-12-31T00:00:00Z,1,5.639,NA,1,17,A1,26,29,65,8,25.067,26.826,25.662,clear,23.90366667,30,11,A8,0.003213,0.003033333
3924i,3924,344,C,C,C,F,2020-02-11T00:00:00Z,5,5.967,NA,2,14,A9,47,48,116,10,27.768,26.848,26.54,clear,23.26177778,49,20,C6,0.005127,0.000611111
2611i,2611,259,C,H,H,F,2020-01-26T00:00:00Z,5,5.048,NA,1,2,C2,41,44,97,5,26.7,26.856,26.396,clear,26.13922222,45,17,G2,0.003733,0.003039778
3787i,3787,327,C,H,C,F,2020-02-07T00:00:00Z,1,5.125,NA,0,13,A1,7,9,20,8,27.87,26.873,27.246,clear,25.31988889,10,4,B4,0.009747,0.001893333
713i,713,70,H,H,H,F,2019-12-31T00:00:00Z,3,5.188,NA,2,9,A1,2,4,8,10,22.131,26.977,25.347,clear,22.69533333,5,2,D12,0.02,0.002135667
3604i,3604,294,H,C,C,F,2020-02-05T00:00:00Z,1,7.694,NA,0,11,C1,13,14,35,4,27.05,27.018,27.556,clear,22.43944444,15,6,A9,0.01,0.003100333
3380i,3380,252,C,H,C,F,2020-02-03T00:00:00Z,7,5.493,NA,2,12,D9,22,24,57,6,26.612,27.032,26.612,clear,23.50977778,25,10,E4,0.007247,0.001974667
2329i,2329,182,C,H,C,F,2020-01-21T00:00:00Z,5,6.178,NA,1,5,E1,18,19,48,10,27.662,27.035,26.451,clear,23.26977778,20,8,F6,0.005453,0.002566333
3248i,3248,234,H,H,C,F,2020-02-01T00:00:00Z,7,5.579,NA,1,12,G8,43,44,106,1,27.388,27.038,27.359,clear,24.35088889,45,18,C7,0.008833,0.001560222
1539i,1539,92,H,C,C,M,2020-01-07T00:00:00Z,1,3.683,NA,1,16,F3,41,44,100,16,27.219,27.084,26.346,clear,24.20644444,45,17,H7,0.004387,0.003039778
3417i,3417,290,H,C,C,F,2020-02-03T00:00:00Z,1,6.761,NA,1,3,G10,41,44,99,2,26.512,27.093,27.117,clear,24.16844444,45,17,A9,0.007927,0.003039778
2922i,2922,271,H,C,H,M,2020-01-29T00:00:00Z,7,2.872,NA,2,4,I10,42,44,105,16,26.879,27.171,27.177,clear_after_clahe,21.326,45,18,C11,0.00042,0.001560222
4307i,4307,369,C,C,C,F,2020-02-29T00:00:00Z,1,6.539,NA,1,13,E4,23,24,60,15,27.214,27.214,26.633,clear,23.88422222,25,10,A9,0.01,0.001974667
2788i,2788,315,C,H,H,F,2020-01-28T00:00:00Z,1,5.36,NA,2,6,C9,42,44,103,6,28.306,27.246,27.811,clear,24.86311111,45,18,B3,0.00412,0.001560222
3011i,3011,223,H,H,C,F,2020-01-30T00:00:00Z,7,5.582,NA,0,10,G7,2,4,9,17,28.149,27.256,27.666,clear,22.61666667,5,2,C10,0.01,0.002135667
1679i,1679,195,C,H,H,M,2020-01-08T00:00:00Z,1,3.627,NA,2,20,A9,42,44,103,2,27.87,27.291,26.622,clear_after_clahe,24.86311111,45,18,B2,0.003787,0.001560222
720i,720,57,C,H,H,F,2019-12-31T00:00:00Z,3,5.094,NA,2,16,G4,42,44,103,16,26.739,27.32,27.32,clear,24.86311111,45,18,D1,0.0051,0.001560222
2223i,2223,213,H,H,H,F,2020-01-19T00:00:00Z,1,5.431,NA,2,8,G6,26,29,64,6,27.305,27.334,27.334,clear,22.49188889,30,11,E5,0.00206,0.003033333
3778i,3778,318,C,H,C,F,2020-02-07T00:00:00Z,7,5.236,NA,1,12,B4,22,24,54,17,27.391,27.375,27.229,clear,23.02177778,25,9,H7,0.001893,0.002126667
4009i,4009,365,C,C,C,M,2020-02-13T00:00:00Z,3,4.049,NA,0,14,B6,28,29,72,8,26.869,27.434,27.154,clear,23.03055556,30,12,D5,0.001767,0.002409
3241i,3241,228,H,H,C,M,2020-02-01T00:00:00Z,3,4.698,NA,0,4,E4,41,44,98,12,26.922,27.512,26.275,clear,26.23411111,45,17,E10,0.001167,0.003039778
2370i,2370,231,H,H,H,M,2020-01-21T00:00:00Z,3,3.713,NA,1,7,F3,8,9,23,6,27.244,27.577,27.577,clear,27.38455556,10,4,G7,0.000873333,0.001893333
2740i,2740,297,H,C,H,M,2020-01-27T00:00:00Z,1,6.106,NA,1,6,E3,17,19,44,5,27.276,27.588,26.981,clear,23.83822222,20,8,G2,0.00352,0.002566333
2164i,2164,187,C,C,C,F,2020-01-18T00:00:00Z,3,7.831,NA,0,15,G8,43,44,106,6,27.314,27.659,27.359,clear,24.35088889,45,18,A6,0.01,0.001560222
3480i,3480,276,H,C,C,F,2020-02-04T00:00:00Z,1,6.636,NA,1,3,H8,28,29,72,17,27.214,27.79,27.79,clear,23.03055556,30,12,E1,0.009907,0.002409
3998i,3998,357,C,C,C,M,2020-02-13T00:00:00Z,1,4.374,NA,1,11,I5,18,19,48,1,28.877,27.977,27.977,clear,23.26977778,20,8,F9,0.002473,0.002566333
3768i,3768,310,C,H,C,F,2020-02-07T00:00:00Z,1,6.737,NA,2,12,F9,18,19,47,17,28.6,28.006,27.266,clear,23.19066667,20,8,E1,0.003993,0.002566333
3995i,3995,357,C,C,C,F,2020-02-13T00:00:00Z,1,5.602,NA,1,11,I4,28,29,70,8,28.045,28.045,28.045,clear,22.24755556,30,12,D10,0.02,0.002409
1198i,1198,129,C,C,H,F,2020-01-03T00:00:00Z,7,4.503,NA,1,19,H8,26,29,65,16,28.053,28.053,28.656,super_clear,23.90366667,30,11,D5,0.001,0.003033333
3989i,3989,354,C,C,C,F,2020-02-13T00:00:00Z,5,5.104,NA,2,13,I7,43,44,108,8,27.808,28.088,27.808,clear,23.92,45,18,D4,0.01,0.001560222
4193i,4193,383,C,C,H,F,2020-02-21T00:00:00Z,5,5,NA,1,15,G2,8,9,23,5,28.284,28.139,29.006,clear,27.38455556,10,4,G9,0.001187,0.001893333
3617i,3617,308,H,C,C,F,2020-02-05T00:00:00Z,1,5.458,NA,1,3,A3,8,9,23,15,28.954,28.191,28.87,clear,27.38455556,10,4,H9,0.008013,0.001893333
70i,70,9,H,H,H,M,2019-12-22T00:00:00Z,5,2.865,NA,2,16,E2,43,44,107,14,29.005,28.36,27.804,clear,25.08688889,45,18,F5,0.00148,0.001560222
3534i,3534,289,H,C,C,F,2020-02-04T00:00:00Z,1,7.769,NA,1,3,G3,17,19,44,17,28.01,28.467,28.311,clear,23.83822222,20,8,C4,0.00492,0.002566333
1650i,1650,106,H,C,C,M,2020-01-08T00:00:00Z,1,4.054,NA,2,20,B4,42,44,103,14,28.507,28.507,29.127,clear,24.86311111,45,18,C3,0.000406667,0.001560222
3935i,3935,350,C,C,C,F,2020-02-11T00:00:00Z,1,6.279,NA,1,14,F8,43,44,106,5,28.211,28.577,28.544,clear,24.35088889,45,18,H7,0.01,0.001560222
3340i,3340,350,C,C,H,F,2020-02-03T00:00:00Z,5,5.489,NA,1,13,A4,7,9,22,8,26.025,28.593,26.216,clear,22.11688889,10,4,C4,0.00452,0.001893333
3879i,3879,342,C,C,C,M,2020-02-10T00:00:00Z,5,3.266,NA,0,13,C5,8,9,24,16,27.656,28.668,27.412,clear,29.34333333,10,4,E4,0.00468,0.001893333
2660i,2660,269,H,C,H,M,2020-01-27T00:00:00Z,3,3.912,NA,2,2,G7,22,24,56,6,29.568,28.668,29.264,clear,22.14844444,25,10,G4,0.00088,0.001974667
3208i,3208,344,C,C,H,M,2020-02-01T00:00:00Z,7,3.703,NA,2,12,I7,8,9,24,14,27.184,28.678,25.984,clear_after_clahe,29.34333333,10,4,H3,0.00114,0.001893333
3718i,3718,315,C,H,C,F,2020-02-06T00:00:00Z,1,6.372,NA,2,12,I8,8,9,23,17,28.769,29.002,29.07,clear,27.38455556,10,4,F9,0.00654,0.001893333
3246i,3246,234,H,H,C,F,2020-02-01T00:00:00Z,3,5.46,NA,1,4,D5,41,44,98,14,29.215,29.02,29.611,clear,26.23411111,45,17,A2,0.006843,0.003039778
3311i,3311,252,C,H,C,M,2020-02-02T00:00:00Z,7,3.074,NA,2,10,B6,42,44,106,8,30.417,29.812,29.487,clear_after_clahe,24.35088889,45,18,G6,0.0005,0.001560222
2324i,2324,219,H,H,H,M,2020-01-20T00:00:00Z,7,4.21,NA,0,5,G3,18,19,48,5,33.04,33.696,34.037,super_clear,23.26977778,20,8,F11,0.002573,0.002566333
3897i,3897,349,C,C,C,M,2020-02-10T00:00:00Z,7,3.479,NA,1,13,F9,1,4,2,2,NA,NA,NA,not_clear,20.84455556,5,1,B5,0.003,0.000988889
1867i,1867,128,C,C,C,M,2020-01-11T00:00:00Z,1,2.973,NA,2,7,C1,1,4,2,6,NA,NA,NA,not_clear,20.84455556,5,1,G8,0.000986667,0.000988889
62i,62,10,H,H,H,M,2019-12-21T00:00:00Z,7,2.457,NA,1,18,I2,1,4,3,8,NA,NA,NA,not_clear,21.94944444,5,1,A8,0.000813333,0.000988889
3175i,3175,239,C,H,C,M,2020-01-31T00:00:00Z,1,4.115,NA,2,1,E8,1,4,4,2,NA,NA,NA,not_clear,20.56577778,5,1,F6,0.000313333,0.000988889
1157i,1157,50,H,C,C,M,2020-01-03T00:00:00Z,5,3.107,NA,2,16,F5,1,4,4,6,NA,NA,NA,not_clear,20.56577778,5,1,E7,0.00102,0.000988889
2897i,2897,310,C,H,H,M,2020-01-29T00:00:00Z,7,3.126,NA,2,3,F6,2,4,10,15,NA,NA,NA,not_clear,22.52377778,5,2,E3,0.000713333,0.002135667
2191i,2191,181,H,C,C,M,2020-01-18T00:00:00Z,5,3.55,NA,2,8,A4,3,4,11,6,NA,NA,NA,not_clear,16.72211111,5,2,B7,0.002387,0.002135667
2742i,2742,297,H,C,H,M,2020-01-27T00:00:00Z,7,3.191,NA,1,3,B8,3,4,12,15,NA,NA,NA,not_clear,21.25233333,5,2,F10,0.001693,0.002135667
1153i,1153,35,H,C,C,M,2020-01-03T00:00:00Z,7,3.635,NA,3,20,A5,6,9,13,5,NA,NA,NA,not_clear,19.515,10,3,B9,0.001173,0.004886333
1192i,1192,128,C,C,H,M,2020-01-03T00:00:00Z,3,2.884,NA,2,17,I6,6,9,16,5,NA,NA,NA,not_clear,19.43422222,10,3,F5,0.001413,0.004886333
2196i,2196,182,C,H,C,M,2020-01-18T00:00:00Z,5,3.685,NA,1,8,A5,7,9,19,15,NA,NA,NA,not_clear,22.85566667,10,4,G1,0.001567,0.001893333
3188i,3188,323,C,H,H,M,2020-02-01T00:00:00Z,3,3.234,NA,2,4,A6,7,9,20,5,NA,NA,NA,not_clear,25.31988889,10,4,D7,0.00066,0.001893333
3093i,3093,348,C,C,H,M,2020-01-31T00:00:00Z,7,2.508,NA,1,11,G7,7,9,22,2,NA,NA,NA,not_clear,22.11688889,10,4,A6,0.00214,0.001893333
673i,673,65,H,H,C,M,2019-12-31T00:00:00Z,1,3.056,NA,2,16,I7,12,14,31,2,NA,NA,NA,not_clear,22.05633333,15,6,A5,0.00074,0.003100333
1496i,1496,151,C,C,H,M,2020-01-06T00:00:00Z,5,2.941,NA,2,19,G9,13,14,35,8,NA,NA,NA,not_clear,22.43944444,15,6,E1,0.00134,0.003100333
3041i,3041,233,H,H,C,M,2020-01-30T00:00:00Z,1,3.764,NA,1,2,D9,13,14,35,14,NA,NA,NA,not_clear,22.43944444,15,6,E4,0.02,0.003100333
3826i,3826,331,C,H,C,M,2020-02-08T00:00:00Z,7,3.246,NA,1,13,D4,16,19,40,1,NA,NA,NA,not_clear,19.17588889,20,7,H12,0.002407,0.002569889
228i,228,50,H,C,H,M,2019-12-27T00:00:00Z,1,3.619,NA,2,16,B8,16,19,40,2,NA,NA,NA,not_clear,19.17588889,20,7,B6,0.000933333,0.002569889
2173i,2173,179,H,C,C,M,2020-01-18T00:00:00Z,3,3.715,NA,0,15,I3,17,19,41,14,NA,NA,NA,not_clear,21.463,20,7,H10,0.02,0.002569889
523i,523,24,H,H,H,M,2019-12-30T00:00:00Z,7,1.839,NA,0,9,D10,17,19,42,8,NA,NA,NA,not_clear,21.98511111,20,7,G4,0.001587,0.002569889
3277i,3277,347,C,C,H,M,2020-02-02T00:00:00Z,7,2.434,NA,1,10,A9,17,19,43,6,NA,NA,NA,not_clear,21.49611111,20,8,D9,0.002713,0.002566333
2971i,2971,331,C,H,H,M,2020-01-30T00:00:00Z,1,3.712,NA,1,2,A5,17,19,43,12,NA,NA,NA,not_clear,21.49611111,20,8,A1,0.001723,0.002566333
2741i,2741,297,H,C,H,M,2020-01-27T00:00:00Z,5,6.613,NA,1,1,F10,18,19,47,3,NA,NA,NA,not_clear,23.19066667,20,8,H6,0.002553,0.002566333
315i,315,39,H,H,H,M,2019-12-28T00:00:00Z,1,2.877,NA,2,18,C3,26,29,63,10,NA,NA,NA,not_clear,20.80288889,30,11,C10,0.001513,0.003033333
3619i,3619,308,H,C,C,M,2020-02-05T00:00:00Z,7,3.607,NA,1,14,I3,26,29,64,4,NA,NA,NA,not_clear,22.49188889,30,11,F7,0.0028,0.003033333
2331i,2331,195,C,H,C,F,2020-01-21T00:00:00Z,7,4.977,NA,2,5,E6,26,29,65,4,NA,NA,NA,not_clear,23.90366667,30,11,C6,0.02,0.003033333
2367i,2367,233,H,H,H,F,2020-01-21T00:00:00Z,5,4.592,NA,1,5,C1,26,29,65,10,NA,NA,NA,not_clear,23.90366667,30,11,H2,0.00146,0.003033333
1706i,1706,109,C,H,C,M,2020-01-09T00:00:00Z,3,4.343,NA,2,20,A1,27,29,66,3,NA,NA,NA,not_clear,22.38366667,30,11,H10,0.00078,0.003033333
2680i,2680,307,H,C,H,M,2020-01-27T00:00:00Z,3,3.213,NA,2,2,G5,27,29,67,4,NA,NA,NA,not_clear,21.08022222,30,12,C11,0.00064,0.002409
3705i,3705,306,H,C,C,M,2020-02-06T00:00:00Z,3,3.449,NA,2,10,E10,28,29,71,12,NA,NA,NA,not_clear,21.18411111,30,12,G10,0.001647,0.002409
202i,202,35,H,C,H,M,2019-12-27T00:00:00Z,5,3.414,NA,3,16,E5,32,34,79,10,NA,NA,NA,not_clear,20.32988889,35,14,F12,0.002207,0.003578
3852i,3852,327,C,H,C,F,2020-02-09T00:00:00Z,5,4.706,NA,0,12,A7,32,34,80,1,NA,NA,NA,not_clear,18.80166667,35,14,F4,0.002113,0.003578
805i,805,58,C,H,H,F,2019-12-31T00:00:00Z,1,3.883,NA,2,16,I2,33,34,82,1,NA,NA,NA,not_clear,20.78366667,35,14,G4,0.002513,0.003578
114i,114,9,H,H,H,M,2019-12-24T00:00:00Z,7,2.351,NA,2,17,G2,36,39,85,6,NA,NA,NA,not_clear,21.97466667,40,15,B5,0.00084,0.00307
3624i,3624,315,C,H,C,M,2020-02-05T00:00:00Z,3,3.282,NA,2,12,H7,36,39,88,5,NA,NA,NA,not_clear,21.30088889,40,15,H3,0.0011,0.00307
3825i,3825,331,C,H,C,M,2020-02-08T00:00:00Z,5,3.188,NA,1,14,C9,36,39,89,17,NA,NA,NA,not_clear,22.67577778,40,15,D7,0.00172,0.00307
2419i,2419,227,H,H,H,M,2020-01-22T00:00:00Z,1,3.429,NA,1,7,H8,37,39,90,2,NA,NA,NA,not_clear,22.22688889,40,15,A6,0.00184,0.00307
3709i,3709,307,H,C,C,M,2020-02-06T00:00:00Z,1,3.758,NA,2,11,C2,37,39,91,4,NA,NA,NA,not_clear,21.53,40,16,G1,0.003413,0.001589667
1114i,1114,65,H,H,H,M,2020-01-02T00:00:00Z,7,2.5,NA,2,18,E3,37,39,92,3,NA,NA,NA,not_clear,21.82922222,40,16,C2,0.001307,0.001589667
3184i,3184,238,H,C,C,M,2020-01-31T00:00:00Z,1,4.259,NA,2,1,E2,37,39,94,2,NA,NA,NA,not_clear,21.47172222,40,16,F6,0.001607,0.001589667
617i,617,50,H,C,C,F,2019-12-31T00:00:00Z,1,5.915,NA,2,17,A4,37,39,94,11,NA,NA,NA,not_clear,21.47172222,40,16,E12,0.005967,0.001589667
722i,722,57,C,H,H,M,2019-12-31T00:00:00Z,7,1.898,NA,2,9,F5,38,39,95,1,NA,NA,NA,not_clear,21.52322222,40,16,G4,0.001653,0.001589667
516i,516,50,H,C,H,M,2019-12-30T00:00:00Z,7,2.008,NA,2,9,D4,38,39,96,4,NA,NA,NA,not_clear,22.07211111,40,16,F10,0.000793333,0.001589667
318i,318,39,H,H,H,M,2019-12-28T00:00:00Z,7,2.199,NA,2,19,C9,41,44,97,6,NA,NA,NA,not_clear,26.13922222,45,17,D8,0.000973333,0.003039778
2679i,2679,307,H,C,H,M,2020-01-27T00:00:00Z,1,3.918,NA,2,6,F4,41,44,99,15,NA,NA,NA,not_clear,24.16844444,45,17,F11,0.001073,0.003039778
2369i,2369,231,H,H,H,M,2020-01-21T00:00:00Z,1,4.225,NA,1,8,G1,41,44,100,8,NA,NA,NA,not_clear,24.20644444,45,17,F3,0.001893,0.003039778
2691i,2691,298,H,C,H,M,2020-01-27T00:00:00Z,1,4.132,NA,1,6,F7,42,44,103,5,NA,NA,NA,not_clear,24.86311111,45,18,F2,0.005047,0.001560222
4161i,4161,377,C,C,H,M,2020-02-20T00:00:00Z,5,2.851,NA,1,15,F4,42,44,103,10,NA,NA,NA,not_clear,24.86311111,45,18,F12,0.00394,0.001560222
3700i,3700,304,H,C,C,M,2020-02-06T00:00:00Z,7,3.71,NA,0,14,E8,42,44,104,10,NA,NA,NA,not_clear,24.43144444,45,18,D8,0.00128,0.001560222
2504i,2504,262,C,H,H,M,2020-01-24T00:00:00Z,7,2.462,NA,0,2,C3,42,44,105,2,NA,NA,NA,not_clear,21.326,45,18,F8,0.00118,0.001560222
3199i,3199,342,C,C,H,M,2020-02-01T00:00:00Z,3,2.877,NA,0,4,F5,42,44,105,14,NA,NA,NA,not_clear,21.326,45,18,C2,0.001307,0.001560222
2748i,2748,294,H,C,H,M,2020-01-27T00:00:00Z,1,3.805,NA,0,6,E5,46,48,110,8,NA,NA,NA,not_clear,21.59911111,49,19,A1,0.002453,0.001645444
2972i,2972,331,C,H,H,M,2020-01-30T00:00:00Z,7,1.75,NA,1,10,F10,47,48,114,1,NA,NA,NA,not_clear,21.34844444,49,19,C5,0.00124,0.001645444
3005i,3005,219,H,H,C,M,2020-01-30T00:00:00Z,7,3.557,NA,0,10,G5,47,48,114,3,NA,NA,NA,not_clear,21.34844444,49,19,B4,0.002413,0.001645444
1712i,1712,63,H,C,C,M,2020-01-09T00:00:00Z,5,3.291,NA,1,21,C7,47,48,115,4,NA,NA,NA,not_clear,21.26333333,49,20,C11,0.00014,0.000611111
1349i,1349,138,C,H,H,M,2020-01-04T00:00:00Z,5,2.974,NA,2,20,C9,47,48,115,8,NA,NA,NA,not_clear,21.26333333,49,20,C3,0.000276667,0.000611111
3025i,3025,231,H,H,C,M,2020-01-30T00:00:00Z,1,4.273,NA,1,2,E5,47,48,116,3,NA,NA,NA,not_clear,23.26177778,49,20,C2,0.000276667,0.000611111
